,the,of,in,to,and,said,a,pct,oil,mln,is,by,will,year,s,for,on,from,its,an,u,that,at,it,tonnes,1,be,dlrs,000,was,wheat,he,with,as,would,prices,2,has,not,last,this,were,but,crude,1986,are,grain,production,have,corn
article000.txt,13,8,6,5,5,4,4,3,2,2,2,2,2,2,1,1,1,1,1,1,0,0,0,0,0,0,0,0,0,0,0,0,0,0,0,0,0,0,0,0,0,0,0,0,0,0,0,0,0,0
article001.txt,43,22,13,16,19,10,15,7,7,3,4,9,3,8,16,10,3,3,3,4,9,8,5,4,0,2,3,7,0,1,0,1,3,8,3,4,0,5,1,4,6,2,2,0,0,5,0,0,3,0
article002.txt,19,3,3,5,4,6,4,0,2,0,1,2,0,0,1,3,2,1,2,2,0,0,1,2,0,0,3,0,0,3,0,0,1,1,2,0,0,1,1,2,1,1,0,0,0,0,0,0,0,0
article003.txt,10,5,0,2,4,8,6,0,1,0,0,2,0,0,1,0,0,2,2,4,0,1,2,3,0,0,0,0,1,1,0,0,0,0,0,0,0,0,0,1,0,4,1,0,0,1,0,0,0,0
article004.txt,13,14,12,4,7,9,1,1,8,9,2,1,1,3,4,3,4,2,7,1,1,0,1,7,0,1,1,9,0,0,0,0,0,2,1,1,2,0,1,3,1,1,0,0,2,0,0,3,0,0
article005.txt,4,1,3,1,4,2,1,0,4,0,0,1,2,0,0,0,0,2,0,1,0,1,0,0,1,0,0,0,1,1,0,0,0,0,0,0,0,0,0,0,0,0,0,2,0,0,0,1,0,0
article006.txt,5,4,3,6,3,2,3,0,1,0,0,2,1,0,1,0,2,1,0,0,1,0,0,0,0,0,1,0,0,1,0,0,1,0,0,3,0,0,0,0,1,1,0,0,0,1,0,0,0,0
article007.txt,0,0,0,0,0,0,0,0,0,1,0,0,0,0,0,0,0,0,0,0,0,0,0,0,0,0,0,0,2,0,0,0,0,0,0,0,0,0,0,0,0,0,0,2,0,0,0,0,0,0
article008.txt,7,2,6,5,3,4,0,0,2,8,0,0,0,0,0,0,0,0,1,0,0,0,1,1,0,6,0,0,2,0,0,0,0,0,0,0,0,0,0,0,0,2,0,3,0,0,0,0,0,0
article009.txt,7,0,5,5,1,5,3,10,2,18,0,1,0,7,2,0,0,10,1,0,2,0,1,1,0,6,0,0,0,4,0,0,0,1,0,0,4,0,0,1,1,0,0,2,1,0,0,0,0,0
article010.txt,1,0,4,6,1,3,2,0,0,0,0,0,2,0,4,0,0,0,0,0,2,0,1,0,0,2,0,3,0,1,0,0,1,1,0,0,0,0,0,0,2,1,1,2,0,3,0,0,1,0
article011.txt,15,11,5,9,4,9,4,5,12,0,2,4,0,0,7,10,5,1,2,3,6,2,2,1,0,0,3,0,0,0,0,3,0,8,3,2,0,0,0,0,1,0,0,1,1,0,0,0,0,0
article012.txt,10,3,2,4,4,4,3,3,0,0,0,1,0,1,1,1,1,0,0,0,0,0,0,1,0,0,0,0,0,0,0,0,2,0,0,0,0,1,0,0,2,3,0,0,0,0,0,0,2,0
article013.txt,11,4,14,8,3,0,7,5,5,0,2,2,0,0,6,7,3,4,0,1,6,0,2,0,0,1,0,6,0,0,0,0,1,3,0,5,2,0,0,1,0,1,2,6,0,0,0,0,0,0
article014.txt,5,2,3,0,3,2,1,1,4,1,1,0,0,0,2,1,0,1,1,0,0,0,1,1,0,0,0,1,0,0,0,0,0,0,0,0,0,0,0,0,0,0,0,0,0,0,0,0,0,0
article015.txt,0,0,0,0,0,0,0,0,0,0,0,0,0,0,0,0,0,0,0,0,0,0,0,0,0,0,0,0,0,0,0,0,0,0,0,0,0,0,0,0,0,0,0,0,0,0,0,0,0,0
article016.txt,11,6,1,10,1,3,1,0,3,0,1,1,2,0,1,0,3,0,0,2,0,0,1,1,0,0,1,0,3,1,0,1,0,0,0,0,0,1,0,0,0,0,0,2,0,0,0,0,0,0
article017.txt,14,6,3,12,3,7,3,0,3,0,1,1,0,0,4,6,2,1,3,0,1,0,1,0,0,0,0,0,0,0,0,0,1,0,0,0,0,1,0,0,0,1,1,0,0,1,0,0,2,0
article018.txt,4,3,2,0,0,2,3,5,2,2,2,1,0,0,3,0,2,1,1,0,0,0,1,0,0,0,0,0,0,0,0,0,0,0,0,0,0,1,0,0,0,1,0,0,1,0,0,0,0,0
article019.txt,4,5,3,4,4,2,3,3,3,1,2,0,1,0,0,1,0,0,1,0,0,0,0,0,0,0,2,0,1,0,0,0,2,0,0,0,0,1,0,0,0,0,0,0,0,1,0,2,0,0
article020.txt,3,2,1,3,5,1,1,0,1,1,0,0,0,2,2,1,0,0,0,0,0,0,0,1,0,0,0,0,0,0,0,0,1,0,0,0,0,0,0,0,0,0,0,0,0,0,0,0,0,0
article021.txt,16,10,7,8,3,7,4,0,8,1,1,2,1,0,2,1,1,3,2,1,0,2,1,9,0,1,0,2,0,1,0,0,2,1,2,2,0,2,1,2,1,4,0,0,0,0,0,2,0,0
article022.txt,25,9,9,13,11,17,7,0,12,0,0,2,3,0,14,7,1,1,3,5,3,7,3,8,0,0,1,0,0,1,0,6,6,3,4,0,0,2,2,5,0,5,6,2,0,3,0,0,1,0
article023.txt,15,11,7,9,4,5,4,0,8,1,1,2,1,0,2,1,1,3,2,1,0,2,1,9,0,1,0,2,0,1,0,0,2,1,2,2,0,2,1,2,1,4,0,0,0,0,0,2,0,0
article024.txt,6,0,3,4,2,3,1,0,3,2,0,0,0,0,1,0,0,0,0,1,0,3,0,3,0,0,0,2,0,0,0,0,3,0,0,0,0,0,1,1,0,0,0,1,0,0,0,0,0,0
article025.txt,10,8,7,11,6,6,5,2,8,3,1,0,1,2,2,1,2,0,4,2,0,0,1,0,2,0,0,1,2,6,0,3,2,0,0,2,1,0,1,3,0,0,1,3,1,0,0,3,0,0
article026.txt,6,1,2,1,2,3,2,3,2,1,1,0,1,0,1,2,0,0,1,0,1,0,1,2,0,0,1,0,0,1,0,0,1,0,0,0,0,0,0,0,0,0,0,0,0,0,0,0,0,0
article027.txt,17,7,7,10,3,9,3,0,5,0,8,0,3,0,12,7,7,0,4,4,3,6,0,5,0,0,5,2,0,1,0,4,10,4,2,0,0,0,2,0,0,2,2,3,0,5,0,0,0,0
article028.txt,18,9,4,13,2,2,4,0,4,0,1,0,3,0,2,1,2,2,0,3,0,1,3,1,0,0,0,0,3,3,0,0,0,1,1,0,0,0,0,0,0,0,0,3,0,0,0,2,0,0
article029.txt,1,3,0,10,1,2,2,0,2,0,1,0,0,0,0,0,0,0,1,0,0,0,0,0,0,0,0,0,1,0,0,2,0,0,0,0,0,0,1,0,0,0,1,2,0,0,0,0,1,0
article030.txt,18,10,3,12,6,7,4,0,5,3,2,1,6,1,2,6,3,1,2,3,0,2,2,4,0,0,2,2,5,3,0,0,5,0,0,0,0,0,1,0,1,1,2,3,0,2,0,0,0,0
article031.txt,10,9,4,9,6,8,8,0,5,1,4,1,3,2,3,1,3,1,2,2,0,2,2,1,0,0,5,4,0,3,0,5,0,5,3,4,0,0,2,2,1,1,2,1,1,0,0,3,1,0
article032.txt,11,9,5,2,4,2,4,0,7,3,1,0,0,3,2,3,1,3,0,1,0,0,3,0,3,0,0,0,3,0,0,1,0,1,0,0,2,3,0,1,1,0,0,1,1,0,0,3,0,0
article033.txt,19,6,5,8,7,7,5,0,2,2,4,4,1,0,3,6,3,1,3,1,0,6,1,0,0,2,1,0,3,3,0,1,5,3,2,1,0,1,1,0,1,1,2,0,0,1,0,0,2,0
article034.txt,0,0,0,0,0,0,0,0,0,0,0,0,0,0,0,0,0,0,0,0,0,0,0,0,0,2,0,0,0,0,0,0,0,0,0,0,0,0,0,0,0,0,0,0,0,0,0,0,0,0
article035.txt,16,0,2,5,4,2,6,0,3,0,2,3,2,0,5,1,2,0,1,1,0,3,0,2,0,0,2,0,0,1,0,0,2,3,2,0,0,0,1,0,1,0,1,0,0,0,0,1,0,0
article036.txt,4,9,3,5,1,3,5,9,0,0,0,2,0,2,1,0,1,0,0,0,1,0,0,0,0,3,0,2,3,1,0,0,0,0,0,0,2,0,0,2,0,2,0,0,0,0,0,0,0,0
article037.txt,5,2,4,4,4,2,1,0,0,0,0,4,0,2,2,0,0,0,0,0,2,0,1,0,0,0,0,0,0,0,0,0,0,0,0,0,0,0,0,3,1,2,0,0,0,0,0,0,0,0
article038.txt,27,12,11,12,9,5,6,0,2,0,2,3,5,2,7,3,4,1,1,1,3,5,4,2,0,0,4,0,0,1,0,4,3,1,2,0,0,1,3,1,2,2,0,0,0,2,0,0,0,0
article039.txt,0,0,0,0,0,0,0,0,0,0,0,2,0,0,0,0,0,0,0,0,0,0,0,0,0,0,0,0,2,0,0,0,0,0,0,0,0,0,0,0,0,0,0,2,0,0,0,0,0,0
article040.txt,38,12,6,14,9,8,9,0,6,0,10,6,2,0,3,1,5,3,0,0,1,10,4,2,0,0,4,2,1,3,0,2,2,2,3,1,0,4,2,0,5,1,3,5,0,0,0,0,1,0
article041.txt,17,7,5,11,1,4,5,0,8,0,3,2,0,0,5,3,2,0,0,1,4,1,1,0,0,0,0,0,0,1,0,0,2,0,1,0,0,1,0,0,0,0,1,0,0,0,0,0,0,0
article042.txt,10,5,1,4,3,4,7,0,2,0,1,1,0,0,0,1,0,2,0,0,0,2,0,0,0,0,1,0,4,1,0,1,2,4,0,0,0,1,0,1,0,0,0,1,0,0,0,0,0,0
article043.txt,8,3,1,2,2,3,3,0,3,0,0,2,0,0,0,1,1,1,2,0,0,2,0,5,0,1,0,2,0,0,0,0,2,1,2,1,1,0,1,0,0,0,0,1,0,0,0,0,0,0
article044.txt,2,0,3,3,1,2,3,1,2,0,1,0,0,0,0,1,3,2,1,0,0,0,0,0,0,0,0,5,0,1,0,0,0,0,0,1,0,1,0,0,0,0,0,4,1,0,0,0,0,0
article045.txt,22,14,7,15,11,12,12,3,12,1,2,3,2,2,4,6,2,0,4,1,0,3,1,7,0,0,2,0,0,4,0,3,0,2,2,0,0,0,1,1,1,1,3,1,2,1,0,0,2,0
article046.txt,11,7,3,8,4,4,1,1,2,0,0,1,0,0,4,3,2,2,4,0,1,1,1,0,0,0,0,0,0,3,0,2,2,0,0,0,0,3,1,1,1,0,1,1,0,0,0,0,1,0
article047.txt,5,2,0,2,3,2,0,0,3,0,0,1,0,0,0,1,1,1,0,0,0,0,1,0,0,0,0,1,0,0,0,0,0,0,0,2,0,1,0,0,0,0,0,1,0,1,0,0,0,0
article048.txt,11,8,9,5,6,5,7,2,2,1,1,1,2,0,2,2,0,3,1,0,0,1,0,5,0,0,0,0,0,1,0,0,0,3,1,0,0,0,1,0,0,0,0,0,0,0,0,0,1,0
article049.txt,6,3,4,5,8,2,9,0,5,1,3,1,2,0,2,3,3,1,1,1,0,3,0,3,0,0,0,2,0,0,0,2,0,0,4,5,0,0,5,2,0,0,0,0,1,0,0,4,0,0
article050.txt,6,3,5,5,8,2,9,0,5,1,3,1,1,0,2,3,3,1,1,1,0,3,0,3,0,0,0,2,0,0,0,2,0,0,4,5,0,0,4,2,0,0,0,0,1,0,0,4,0,0
article051.txt,8,5,6,4,0,4,4,0,6,0,1,3,0,1,1,1,0,0,0,0,1,0,0,0,0,0,0,2,0,2,0,4,0,0,0,3,0,0,1,0,0,1,0,0,0,0,0,1,0,0
article052.txt,12,3,3,4,4,6,4,0,8,0,1,1,1,1,1,3,3,0,0,0,0,1,0,0,0,0,0,2,0,1,0,2,2,1,2,3,0,0,1,0,1,0,0,2,0,0,0,0,0,0
article053.txt,13,7,8,6,0,6,4,0,8,0,1,3,0,1,1,1,0,1,0,1,1,0,0,0,0,0,0,2,0,2,0,5,0,0,0,3,1,0,1,0,0,1,0,0,0,0,0,4,0,0
article054.txt,15,8,7,20,8,9,8,3,10,13,5,1,0,2,9,8,3,3,1,3,5,3,3,1,0,1,4,0,3,3,0,1,2,1,3,2,1,0,2,2,1,1,3,2,0,1,0,0,4,0
article055.txt,24,8,5,15,7,9,4,1,6,0,2,0,6,0,6,4,6,1,3,1,4,3,5,6,0,0,2,0,1,4,0,0,2,0,0,2,0,0,2,0,1,2,2,4,0,2,0,0,0,0
article056.txt,15,9,5,3,2,6,4,2,4,3,0,1,0,1,3,5,0,0,2,0,1,0,1,0,0,1,1,4,0,0,0,2,0,1,0,0,0,2,0,1,0,1,1,0,3,0,0,3,0,0
article057.txt,1,1,1,1,1,2,0,0,2,1,1,0,0,0,2,0,0,0,1,0,2,0,1,0,0,0,0,0,0,0,0,0,0,0,0,0,0,0,0,0,0,0,0,1,0,0,0,0,0,0
article058.txt,0,0,0,0,0,0,0,0,0,5,0,0,0,0,0,0,0,0,0,0,0,0,0,0,0,2,0,0,0,0,0,0,0,0,0,0,4,0,0,0,0,0,0,2,0,0,0,0,0,0
article059.txt,6,5,1,3,3,1,2,1,1,0,0,0,1,0,4,3,0,0,1,2,0,5,1,0,0,0,0,0,0,0,0,2,0,1,1,0,0,2,0,0,0,0,0,0,0,0,0,0,0,0
article060.txt,19,6,5,6,5,6,10,0,1,0,1,1,0,0,6,2,1,1,2,1,5,4,1,0,0,0,2,0,0,0,0,0,2,1,1,0,0,0,1,1,1,0,0,0,0,0,0,0,2,0
article061.txt,17,10,3,2,2,1,7,0,4,3,0,2,0,0,2,2,3,0,2,3,1,0,0,1,0,0,0,3,0,1,0,0,0,1,2,0,0,0,0,0,0,0,0,1,1,2,0,0,1,0
article062.txt,16,7,10,5,1,4,4,2,8,0,0,0,0,1,2,3,2,1,0,2,2,0,2,0,0,0,2,0,0,2,0,5,0,0,3,0,0,0,2,1,0,0,2,0,0,1,0,0,2,0
article063.txt,5,3,6,3,3,1,3,1,2,1,1,0,0,1,0,0,0,1,1,0,0,0,0,0,0,0,0,0,0,0,0,0,0,0,0,1,0,0,0,0,0,0,0,2,1,0,0,1,0,0
article064.txt,4,3,2,4,1,2,3,4,3,0,1,0,0,0,1,2,0,0,0,0,0,0,0,0,0,0,0,0,1,0,0,0,2,0,0,0,0,2,0,1,0,0,0,4,0,0,0,0,0,0
article065.txt,3,3,3,2,4,5,3,4,3,0,1,3,1,0,4,1,1,1,3,1,1,1,1,0,0,0,2,1,0,1,0,2,1,0,0,1,0,1,0,1,0,3,0,3,0,0,0,3,0,0
article066.txt,26,13,11,20,16,3,9,0,7,4,5,3,3,3,5,9,3,1,7,1,0,2,7,2,0,2,4,1,0,1,0,1,6,1,1,13,1,2,4,1,3,1,7,2,0,3,0,1,3,0
article067.txt,5,10,4,5,6,3,3,0,3,3,1,1,0,0,1,1,0,1,1,0,0,0,1,3,0,1,0,2,1,0,0,0,0,0,2,0,1,0,0,0,0,0,0,1,1,0,0,0,0,0
article068.txt,0,0,0,0,0,0,0,0,2,0,0,0,0,0,0,0,0,0,0,0,0,0,0,0,0,0,0,0,0,0,0,0,0,0,0,0,0,0,0,0,0,0,0,2,0,0,0,0,0,0
article069.txt,0,0,0,0,0,0,0,0,4,0,0,0,0,0,0,0,0,0,0,0,0,0,0,0,0,0,0,0,0,0,0,0,0,0,0,0,0,0,0,0,0,0,0,2,0,0,0,0,0,0
article070.txt,0,0,0,0,0,0,0,0,2,0,0,0,0,0,0,0,0,0,0,0,0,0,0,0,0,0,0,2,0,0,0,0,0,0,0,2,0,0,0,0,0,0,0,2,0,0,0,0,0,0
article071.txt,7,4,0,0,2,1,4,2,2,0,3,1,0,0,0,2,0,1,0,0,0,0,0,0,0,0,0,2,0,0,0,0,0,0,0,0,0,0,0,0,0,0,0,4,0,0,0,0,0,0
article072.txt,0,0,0,2,0,0,2,0,2,0,0,0,0,0,0,0,0,0,0,0,0,0,0,0,0,0,0,2,0,0,0,0,0,0,0,0,0,0,0,0,0,0,0,2,0,0,0,0,0,0
article073.txt,1,0,0,0,0,2,3,1,4,0,1,1,0,0,0,2,0,0,2,0,0,0,2,1,0,0,0,1,0,0,0,0,0,0,0,0,0,0,0,0,0,0,0,3,0,0,0,0,0,0
article074.txt,0,0,0,2,0,0,2,0,2,0,0,0,0,0,0,0,0,0,0,0,0,0,0,0,0,0,0,2,0,0,0,0,0,0,0,2,0,0,0,0,0,0,0,2,0,0,0,0,0,0
article075.txt,0,0,0,2,0,0,0,0,2,0,0,0,0,0,0,0,0,0,0,0,0,0,0,0,0,0,0,1,0,0,0,0,0,0,0,0,0,0,0,0,0,0,0,2,0,0,0,0,0,0
article076.txt,0,0,0,0,0,0,0,0,2,0,0,0,0,0,0,0,0,0,0,0,0,0,0,0,0,0,0,2,0,0,0,0,0,0,0,0,0,0,0,0,0,0,0,2,0,0,0,0,0,0
article077.txt,0,0,0,2,0,0,2,0,2,0,0,0,0,0,0,0,0,0,0,0,0,0,0,0,0,0,0,1,0,0,0,0,0,0,0,0,0,0,0,0,0,0,0,2,0,0,0,0,0,0
article078.txt,0,0,0,2,0,0,2,0,2,0,0,0,0,0,0,0,0,0,0,0,0,0,0,0,0,0,0,1,0,0,0,0,0,0,0,0,0,0,0,0,0,0,0,2,0,0,0,0,0,0
article079.txt,2,0,0,0,1,3,2,0,1,0,2,1,0,0,1,2,0,0,2,0,0,0,1,1,0,0,0,1,0,0,0,0,0,0,0,1,0,0,0,0,0,0,0,2,0,0,0,0,0,0
article080.txt,3,0,1,0,1,3,4,0,3,0,2,2,0,0,0,1,0,0,2,0,0,0,0,1,0,0,0,1,0,0,0,0,0,0,0,1,0,0,0,0,0,0,0,3,0,0,0,0,0,0
article081.txt,3,0,1,1,2,2,2,0,1,0,2,1,0,0,0,2,0,0,1,0,0,0,0,1,0,0,0,1,0,0,0,0,0,0,0,1,0,0,0,0,0,0,0,2,0,0,0,0,0,0
article082.txt,0,0,0,0,0,0,0,0,0,0,0,0,0,0,0,0,0,0,0,0,0,0,2,0,0,0,0,2,0,0,0,0,0,0,0,0,0,0,0,0,0,0,0,4,0,0,0,0,0,0
article083.txt,5,0,0,2,1,1,3,0,5,0,0,3,0,0,1,1,0,0,0,0,1,0,0,1,0,0,0,1,0,2,0,0,0,0,0,2,0,0,0,1,0,0,0,3,0,1,0,0,0,0
article084.txt,0,0,0,0,0,0,0,0,2,0,0,0,0,0,0,0,0,0,0,0,0,0,0,0,0,0,0,2,0,0,0,0,0,0,0,0,0,0,0,0,0,0,0,2,0,0,0,0,0,0
article085.txt,4,1,0,0,0,1,3,0,1,0,2,0,0,0,0,2,0,0,0,0,0,0,0,1,0,0,0,2,0,0,0,0,0,0,0,0,0,0,0,0,0,0,0,2,0,0,0,0,0,0
article086.txt,2,1,0,0,1,2,3,0,1,0,2,1,0,0,0,1,0,0,2,0,0,0,0,1,0,0,0,1,0,0,0,0,0,0,0,1,0,0,0,0,0,0,0,2,0,0,0,0,0,0
article087.txt,6,3,0,2,2,1,2,0,1,0,0,0,0,0,0,0,0,1,0,0,0,0,0,0,0,0,0,2,0,0,0,0,0,0,0,1,0,0,0,0,0,0,0,5,0,1,0,0,0,0
article088.txt,19,6,0,1,3,3,7,0,4,0,0,2,0,0,2,3,3,1,0,4,2,7,0,2,0,0,0,0,1,6,0,1,0,2,3,0,0,0,7,0,0,2,1,0,0,1,0,0,1,0
article089.txt,0,0,0,0,0,0,0,0,2,0,0,0,0,0,0,0,0,0,0,0,0,0,0,0,0,0,0,2,0,0,0,0,0,0,0,0,0,0,0,0,0,0,0,2,0,0,0,0,0,0
article090.txt,2,1,0,0,1,3,4,0,2,0,2,3,0,0,0,1,0,0,2,0,0,0,1,2,0,0,0,2,0,0,0,0,0,0,0,0,0,0,0,0,0,0,0,2,0,0,0,0,0,0
article091.txt,2,0,0,0,1,2,2,0,1,0,1,2,0,0,0,1,0,0,2,0,0,0,0,1,0,0,0,1,0,0,0,0,0,0,0,1,0,0,0,0,0,0,0,3,0,0,0,0,0,0
article092.txt,0,0,0,0,0,0,0,0,2,0,0,0,0,0,0,0,0,0,0,0,0,0,0,0,0,0,0,0,0,0,0,0,0,0,0,0,0,0,0,0,0,0,0,2,0,0,0,0,0,0
article093.txt,3,2,0,2,0,1,4,0,2,0,0,0,1,0,1,2,1,0,1,0,0,0,2,2,0,0,0,3,0,1,0,0,0,0,0,0,0,0,0,1,0,0,0,3,0,0,0,0,0,0
article094.txt,2,5,1,1,4,3,0,0,5,0,0,0,0,1,1,1,0,0,0,0,0,0,1,3,0,1,0,1,2,0,0,0,0,0,0,0,0,1,0,0,0,0,0,0,0,0,0,0,0,0
article095.txt,5,2,4,0,2,4,0,2,2,0,0,0,0,0,1,1,0,0,0,1,0,0,1,3,0,0,0,1,2,1,0,0,0,0,0,0,1,0,0,0,0,0,0,0,0,0,0,1,0,0
article096.txt,12,13,4,13,4,6,2,0,4,2,1,0,1,9,2,4,3,2,3,1,0,0,2,4,11,3,1,0,10,1,0,0,4,0,0,0,0,1,4,3,4,1,1,2,0,0,0,0,1,0
article097.txt,21,8,17,12,2,5,6,2,6,5,0,3,0,7,4,3,1,8,0,1,0,0,1,2,3,4,0,3,4,2,0,0,1,1,0,1,0,0,0,4,0,0,0,1,6,0,0,6,0,0
article098.txt,15,3,4,9,7,6,6,0,3,3,1,2,4,2,4,7,1,1,1,1,0,2,4,0,0,0,4,2,0,2,0,5,2,1,0,2,0,0,0,2,2,0,0,1,0,0,0,1,3,0
article099.txt,0,0,0,0,0,0,0,0,2,0,0,0,0,0,0,0,0,0,0,0,0,0,0,0,0,0,0,2,0,0,0,0,0,0,0,0,0,0,0,0,0,0,0,2,0,0,0,0,0,0
article100.txt,4,1,0,1,0,2,3,0,2,0,0,2,2,0,1,2,0,0,1,0,0,0,0,1,0,0,1,1,0,0,0,0,0,0,0,1,0,0,0,0,0,0,0,4,0,0,0,0,0,0
article101.txt,43,10,24,22,17,11,21,0,12,4,9,2,5,3,13,4,2,4,2,2,5,5,9,1,0,1,2,7,1,0,0,2,4,3,0,12,0,0,3,0,3,0,2,3,1,6,0,3,3,0
article102.txt,17,4,4,2,4,7,2,0,6,3,0,0,1,1,4,4,0,2,2,1,3,1,2,3,0,0,0,3,2,0,0,0,3,0,4,1,0,0,1,1,0,0,0,1,0,0,0,0,3,0
article103.txt,9,2,7,3,2,6,2,0,2,0,0,1,1,1,4,0,2,1,0,1,2,0,3,0,0,0,1,4,0,2,0,0,0,0,0,3,0,1,0,0,1,2,0,1,0,0,0,1,0,0
article104.txt,26,6,7,9,2,5,2,0,1,0,1,0,1,1,5,2,2,1,2,1,5,5,0,2,0,0,3,0,0,1,0,2,3,2,3,0,0,2,2,0,1,0,1,0,0,1,0,0,1,0
article105.txt,8,3,2,3,3,4,3,3,4,0,0,0,0,0,1,0,0,2,1,1,0,0,3,4,0,1,1,0,0,1,0,0,0,0,1,0,2,4,0,0,0,0,1,0,0,0,0,2,0,0
article106.txt,16,5,15,15,10,14,8,0,9,3,3,1,4,0,7,9,8,4,3,1,1,4,2,3,0,0,6,1,0,3,0,0,2,3,5,4,0,4,1,0,0,2,3,3,0,4,0,3,1,0
article107.txt,21,7,10,19,9,14,8,0,10,5,4,5,7,1,6,5,8,3,4,2,4,5,3,3,0,1,5,8,2,0,0,3,2,5,0,8,1,2,0,0,1,2,2,1,0,2,0,3,0,0
article108.txt,14,8,4,7,5,7,6,0,10,0,1,0,0,1,3,2,0,1,0,2,0,1,3,0,0,0,1,1,0,1,0,0,1,1,1,1,0,1,1,3,0,0,0,0,0,0,0,0,0,0
article109.txt,3,1,2,7,0,4,1,0,5,1,1,0,0,0,1,3,0,0,1,0,0,0,0,1,0,0,0,0,1,0,0,0,0,0,1,1,0,1,0,2,0,0,1,0,0,0,0,1,0,0
article110.txt,24,13,11,13,9,3,3,5,14,7,2,4,1,3,8,5,7,6,6,4,0,1,0,4,0,2,1,2,2,2,0,1,2,0,3,5,0,3,0,2,2,1,1,0,2,0,0,5,2,0
article111.txt,61,29,15,17,6,0,6,0,1,1,0,5,2,3,1,6,2,3,1,2,1,5,2,0,0,0,4,1,0,0,0,0,3,4,2,4,0,0,0,0,1,1,0,0,3,1,0,6,1,0
article112.txt,20,13,6,15,8,8,11,0,2,10,1,2,8,1,2,3,5,2,3,1,0,3,3,4,0,3,9,1,2,1,0,3,3,1,3,3,3,7,6,0,0,0,1,2,0,3,0,2,1,0
article113.txt,7,3,4,6,2,0,1,0,2,5,0,1,1,2,3,3,0,1,4,1,0,0,0,1,0,2,0,0,0,0,0,0,0,2,0,0,2,1,1,1,1,0,0,0,0,0,0,1,0,0
article114.txt,33,15,10,15,5,7,6,0,2,0,7,4,1,0,12,2,5,1,4,1,10,4,1,1,0,0,1,0,0,3,0,0,4,8,2,0,0,4,1,1,1,1,4,0,0,0,0,0,2,0
article115.txt,3,1,1,5,1,1,1,0,1,0,0,1,0,0,5,1,1,1,0,0,4,0,0,1,0,0,0,0,0,0,0,1,2,1,1,0,0,0,1,0,0,0,1,0,0,0,0,0,2,0
article116.txt,25,11,4,7,11,9,8,1,9,4,1,2,1,0,1,1,4,1,0,0,2,5,4,3,0,0,7,0,1,1,0,1,1,0,4,0,0,0,1,0,1,2,2,3,0,2,0,0,0,0
article117.txt,10,5,4,10,6,5,3,0,1,2,0,1,2,2,2,1,0,2,2,1,0,0,0,0,0,0,1,0,8,3,0,2,1,0,0,0,0,0,0,1,2,0,0,4,0,0,0,3,2,0
article118.txt,19,7,4,8,7,3,6,0,6,0,1,2,2,2,4,5,0,2,3,0,0,2,5,3,0,0,0,1,0,1,0,3,0,1,2,0,0,0,1,1,1,2,1,0,0,0,0,0,0,0
article119.txt,6,2,1,5,3,6,5,0,1,1,2,1,2,0,3,0,0,3,2,1,0,1,0,2,0,0,3,1,0,0,0,0,1,0,0,0,0,1,0,0,0,0,0,0,0,0,0,0,0,0
article120.txt,6,6,1,2,1,2,3,1,6,0,1,0,0,0,2,1,1,0,0,2,0,0,0,0,0,0,0,4,0,0,0,0,0,0,0,0,0,1,0,0,0,0,0,0,0,1,0,0,0,0
article121.txt,10,0,3,3,1,2,2,0,2,0,0,0,0,0,3,0,3,0,0,1,3,2,0,1,0,0,0,0,0,0,0,0,0,0,0,0,0,0,0,1,0,0,0,0,0,0,0,0,1,0
article122.txt,7,5,4,0,4,4,1,0,3,3,1,0,0,0,4,1,1,1,0,1,2,0,0,0,0,0,0,1,0,2,0,3,0,1,2,3,0,0,1,0,0,4,1,1,0,0,0,0,0,0
article123.txt,6,0,4,8,0,2,4,0,4,0,0,1,1,0,3,1,1,3,1,0,0,0,0,1,0,0,0,0,5,0,0,0,0,0,0,1,0,1,0,0,1,0,0,2,0,0,0,0,1,0
article124.txt,20,9,8,8,2,5,6,0,4,0,2,2,4,0,2,3,1,0,0,1,1,1,1,0,0,0,3,1,0,1,0,7,3,1,2,5,0,1,2,0,1,0,5,0,0,1,0,2,0,0
article125.txt,7,4,5,0,1,1,1,0,2,2,0,2,0,1,2,0,2,0,0,1,2,0,1,0,0,0,0,2,0,1,0,1,0,1,0,0,0,0,0,1,0,3,0,0,0,0,0,0,0,0
article126.txt,3,1,1,1,3,1,3,0,2,0,0,1,1,0,4,2,3,0,0,0,3,0,1,0,0,0,0,0,0,1,0,0,0,0,1,0,0,0,0,0,1,0,0,0,0,0,0,0,0,0
article127.txt,17,8,3,1,4,4,7,1,5,1,0,2,0,0,0,0,1,0,0,0,0,1,6,0,0,5,1,0,0,2,0,3,1,1,0,0,1,1,0,0,0,0,0,0,0,2,0,1,1,0
article128.txt,32,10,15,20,8,12,4,0,14,0,4,2,4,0,0,5,9,3,1,3,0,8,0,3,0,1,4,1,0,7,0,4,3,4,4,0,0,6,0,0,4,1,3,0,1,1,0,3,2,0
article129.txt,28,1,4,9,3,7,3,0,4,1,1,1,1,0,9,2,4,2,2,0,6,2,2,0,0,0,3,1,0,6,0,6,1,2,4,1,0,1,2,0,1,1,1,0,0,0,0,0,1,0
article130.txt,3,1,1,1,3,1,3,0,2,0,0,1,1,0,4,2,3,0,0,0,3,0,1,0,0,0,0,0,0,1,0,0,0,0,1,0,0,0,0,0,1,0,0,0,0,0,0,0,0,0
article131.txt,23,10,14,13,3,10,6,5,5,1,0,6,0,1,7,4,4,4,4,1,0,0,5,0,0,3,0,0,0,4,0,1,2,0,1,1,2,0,2,3,0,1,0,1,0,0,0,6,0,0
article132.txt,11,4,5,4,6,3,4,0,2,0,2,1,2,0,6,0,5,0,3,4,5,1,1,3,0,0,0,0,0,2,0,1,2,0,0,0,0,0,1,1,0,0,0,0,0,0,0,0,3,0
article133.txt,4,1,0,1,1,1,2,0,3,0,0,1,1,0,1,2,1,0,0,0,0,0,0,3,0,0,0,1,0,0,0,0,0,0,0,1,0,0,0,1,0,0,0,3,0,0,0,0,0,0
article134.txt,5,3,0,3,1,2,2,0,5,0,0,1,0,0,3,3,2,0,0,1,0,0,0,0,0,0,0,0,0,0,0,0,0,0,1,0,0,0,0,1,0,0,0,1,0,0,0,0,1,0
article135.txt,15,1,3,3,1,4,2,0,1,0,1,1,0,0,10,3,3,3,0,1,8,2,1,4,0,0,0,0,2,3,0,0,2,2,0,0,0,0,1,0,1,1,2,0,0,1,0,0,0,0
article136.txt,17,7,4,3,3,2,2,0,9,6,2,0,0,4,2,3,3,0,0,1,0,0,5,0,5,0,0,0,0,0,0,2,0,0,1,0,0,1,0,1,2,0,0,0,0,0,0,1,0,0
article137.txt,23,7,8,13,8,9,13,0,4,0,0,5,2,0,9,3,8,0,2,6,6,6,3,4,0,0,2,0,0,0,0,3,3,3,2,0,0,0,1,1,0,0,2,0,0,1,0,0,4,0
article138.txt,13,4,3,2,3,4,1,0,1,1,2,0,1,0,2,4,1,0,0,0,1,0,0,1,0,0,1,0,0,0,0,0,0,0,0,0,0,3,1,0,0,0,1,0,0,1,0,0,1,0
article139.txt,3,0,0,0,2,2,2,0,1,0,1,0,0,1,2,1,0,0,1,0,0,0,0,0,0,0,0,0,0,0,0,0,0,1,0,0,0,1,0,1,0,0,0,0,0,0,0,0,0,0
article140.txt,0,0,0,2,0,0,0,0,0,0,0,0,0,0,0,0,0,0,0,0,0,0,0,0,0,0,0,1,0,0,0,0,0,0,0,0,0,0,0,0,0,0,0,2,0,0,0,0,0,0
article141.txt,5,2,0,3,2,3,3,0,3,0,0,1,1,0,0,2,1,0,2,1,0,0,1,2,0,0,0,3,0,2,0,0,0,0,0,1,0,0,0,1,0,1,0,3,0,0,0,0,0,0
article142.txt,5,1,0,2,2,2,3,0,3,0,0,1,1,0,1,2,1,0,2,0,1,0,0,2,0,0,0,2,0,0,0,0,0,0,0,1,0,0,0,1,0,1,0,3,0,0,0,0,0,0
article143.txt,0,0,0,0,0,0,0,0,0,5,0,0,0,0,0,0,0,0,0,0,0,0,0,0,0,2,0,0,0,0,0,0,0,0,0,0,2,0,0,0,0,0,0,2,0,0,0,0,0,0
article144.txt,13,4,5,5,2,3,1,0,2,0,0,1,0,0,5,3,6,2,2,0,4,2,1,1,0,0,0,0,0,1,0,0,0,0,0,0,1,2,1,1,0,0,1,0,0,2,0,0,1,0
article145.txt,11,7,2,3,3,1,5,0,1,0,1,3,1,0,10,5,3,0,1,0,6,4,2,1,0,0,1,0,2,2,0,0,0,0,2,0,0,0,0,0,1,1,1,0,0,0,0,0,0,0
article146.txt,8,4,7,1,3,3,3,0,4,0,0,0,0,0,2,1,7,3,0,3,1,1,1,1,0,0,0,0,0,2,0,1,0,0,0,0,0,0,0,0,0,2,1,0,0,0,0,0,0,0
article147.txt,15,2,7,3,3,1,8,0,1,0,0,0,0,0,9,2,4,1,0,1,7,4,0,1,0,1,0,0,0,1,0,0,3,1,0,0,0,0,1,1,0,0,0,0,0,0,0,0,0,0
article148.txt,8,4,6,7,4,5,8,0,9,3,2,2,2,1,3,1,0,1,1,1,0,1,1,1,0,0,1,1,0,0,0,3,0,0,1,2,0,1,1,2,0,1,1,1,0,0,0,1,1,0
article149.txt,7,3,4,5,0,3,4,0,1,0,2,1,1,0,3,3,1,0,4,1,0,1,1,2,0,0,1,0,2,2,0,5,0,0,1,0,0,0,1,1,1,0,0,0,0,0,0,1,0,0
article150.txt,19,7,12,6,4,4,2,0,1,0,0,2,0,0,1,2,4,0,0,3,3,2,1,0,0,0,0,0,0,1,0,2,1,0,0,0,0,0,0,2,0,0,1,0,0,0,0,0,1,0
article151.txt,13,4,3,11,5,3,7,0,1,0,0,0,0,0,3,3,4,0,2,3,3,3,1,0,0,0,1,0,0,0,0,0,0,2,0,0,0,0,0,0,0,1,1,0,0,0,0,0,0,0
article152.txt,11,3,2,2,7,1,8,0,2,0,0,0,0,0,3,4,3,1,0,2,3,3,0,1,0,0,0,0,0,1,0,0,2,2,0,0,0,0,0,0,0,0,2,0,0,1,0,0,0,0
article153.txt,6,2,3,4,0,2,3,0,1,0,0,1,0,1,2,1,6,1,0,1,1,0,0,1,0,0,3,0,0,0,0,0,0,0,0,0,0,0,1,0,0,0,1,0,0,0,0,0,0,0
article154.txt,5,1,0,1,1,2,2,0,2,0,0,1,1,0,2,2,0,0,1,0,2,0,0,1,0,0,0,1,0,1,0,0,0,0,0,2,0,0,0,1,0,0,0,2,0,0,0,0,0,0
article155.txt,4,1,0,3,1,2,2,0,3,0,0,1,0,0,2,2,1,0,1,0,1,0,0,1,0,0,0,3,0,3,0,0,0,0,0,1,0,0,0,1,0,0,0,2,0,0,0,0,0,0
article156.txt,0,0,0,2,0,0,0,0,2,0,0,0,0,0,0,0,0,0,0,0,0,0,0,0,0,0,0,0,0,0,0,0,0,0,0,2,0,0,0,0,0,0,0,2,0,0,0,0,0,0
article157.txt,7,3,1,1,4,3,2,0,1,0,1,1,4,0,4,3,1,0,1,1,3,4,0,2,0,0,3,0,0,2,0,4,2,0,1,0,0,0,2,0,0,1,0,0,0,1,0,0,1,0
article158.txt,17,4,4,3,6,4,4,0,5,0,0,3,0,0,5,1,4,0,0,1,4,1,1,0,0,1,0,0,1,0,0,1,0,0,0,0,0,0,0,0,0,1,0,0,0,0,0,0,0,0
article159.txt,8,6,9,3,2,5,6,0,2,0,1,0,2,0,2,3,5,1,1,2,2,3,1,2,0,0,1,0,0,2,0,1,0,0,1,0,0,0,1,1,1,0,0,0,0,0,0,0,0,0
article160.txt,31,16,7,11,11,10,9,1,3,0,0,2,0,0,13,4,5,0,2,5,10,1,1,4,0,1,0,0,1,5,0,4,5,4,1,0,0,1,2,0,2,2,4,0,0,0,0,0,1,0
article161.txt,38,3,16,13,5,10,15,0,4,0,3,2,0,0,11,5,9,1,1,1,7,5,2,9,0,0,4,0,0,5,0,2,3,1,2,0,0,2,3,0,2,1,2,0,0,0,0,0,1,0
article162.txt,25,8,8,9,9,6,7,0,2,0,4,4,1,0,11,7,4,2,2,5,6,1,2,4,0,1,1,0,1,2,0,1,5,5,2,0,0,0,4,0,2,1,3,0,0,0,0,0,0,0
article163.txt,9,5,3,4,1,2,4,0,3,0,1,0,0,0,0,2,0,0,0,0,0,0,0,0,0,1,2,0,0,0,0,0,1,0,0,0,0,2,0,0,0,0,0,0,0,0,0,1,0,0
article164.txt,0,0,0,0,0,0,0,0,0,0,0,0,0,0,0,0,0,0,0,0,0,0,0,0,0,0,0,0,0,0,0,0,0,0,0,0,0,0,0,0,0,0,0,0,0,0,0,0,0,0
article165.txt,3,2,0,1,1,1,2,0,3,0,1,1,1,0,1,2,1,0,0,0,0,0,1,3,0,0,0,2,0,0,0,0,0,0,0,1,0,0,0,1,0,0,0,3,0,0,0,0,0,0
article166.txt,6,1,3,1,0,1,1,0,2,0,0,1,0,0,1,0,1,0,0,1,1,0,0,0,0,0,1,0,0,0,0,2,0,0,0,0,0,0,0,0,0,0,0,1,0,0,0,0,0,0
article167.txt,34,18,10,14,8,13,14,0,7,4,2,5,2,1,25,1,9,3,1,4,20,4,4,5,0,0,4,1,0,9,0,3,4,7,2,1,0,1,3,2,1,2,1,1,0,1,0,3,2,0
article168.txt,8,1,5,1,6,5,3,0,3,0,0,0,2,0,8,2,6,1,0,2,6,1,2,2,0,0,0,0,0,0,0,0,1,2,0,0,0,2,1,0,4,2,0,0,0,0,0,0,0,0
article169.txt,12,4,2,5,1,3,3,0,1,0,0,0,0,0,1,1,4,1,0,2,5,1,0,0,0,0,0,0,0,3,0,1,0,2,0,0,0,0,1,1,0,0,1,0,0,0,0,0,0,0
article170.txt,8,1,4,1,1,2,4,0,2,0,0,1,0,0,3,0,3,1,0,1,1,0,0,4,0,0,0,0,0,1,0,1,2,1,1,0,0,1,0,0,0,0,0,0,0,0,0,0,0,0
article171.txt,2,2,0,3,2,2,6,0,3,0,0,1,0,0,0,2,0,0,0,1,0,0,0,1,0,0,0,3,0,1,0,0,1,1,0,4,0,0,0,1,0,0,0,2,0,0,0,0,0,0
article172.txt,0,0,0,0,0,0,2,0,0,0,0,2,0,0,0,0,0,0,0,0,0,0,0,0,0,0,0,0,0,0,0,0,0,0,0,2,0,0,0,0,0,0,0,2,0,0,0,0,0,0
article173.txt,1,0,0,4,2,2,6,0,3,0,0,1,0,0,0,1,0,0,0,0,0,3,0,2,0,0,1,3,0,0,0,0,0,0,1,3,0,0,0,0,0,0,0,1,0,0,0,0,0,0
article174.txt,16,4,5,7,4,4,4,0,1,0,5,1,1,1,2,1,5,1,0,4,2,2,0,2,0,0,0,0,0,0,0,0,2,2,1,0,0,3,1,1,0,2,1,0,0,0,0,0,1,0
article175.txt,0,0,0,0,0,2,2,0,2,0,0,0,0,0,0,0,0,0,0,0,0,0,0,0,0,0,0,2,0,0,0,0,0,0,0,0,0,0,0,0,0,0,0,0,0,0,0,0,0,0
article176.txt,3,3,0,1,3,2,0,1,1,1,2,0,0,1,1,1,0,0,1,0,0,0,0,1,0,0,0,1,0,0,0,0,0,0,0,0,0,0,0,0,0,0,0,0,0,0,0,1,0,0
article177.txt,4,2,3,0,3,4,1,0,5,0,0,1,0,0,5,0,2,1,1,2,4,0,3,0,0,0,0,0,0,0,0,0,0,1,0,0,0,0,0,0,0,0,0,0,0,0,0,0,0,0
article178.txt,13,6,3,9,2,10,5,0,6,0,1,3,2,0,12,2,5,0,0,2,8,0,2,2,0,0,2,0,0,3,0,3,4,2,0,0,0,1,2,0,1,1,2,0,0,0,0,0,0,0
article179.txt,0,0,0,0,0,0,0,0,2,0,0,0,0,0,2,0,0,0,0,0,2,0,0,0,0,0,0,0,0,0,0,0,0,0,0,0,0,0,0,0,0,0,0,0,0,0,0,0,0,0
article180.txt,12,4,6,4,5,5,6,0,3,0,0,1,0,0,6,1,6,1,1,1,4,1,3,0,0,0,1,0,0,3,0,1,0,1,1,0,0,0,2,0,0,1,2,0,0,0,0,0,2,0
article181.txt,1,1,2,0,0,1,0,0,2,0,0,0,0,0,0,0,1,0,0,0,0,0,1,0,0,0,0,0,0,0,0,0,0,0,0,0,0,0,0,0,0,0,0,0,0,0,0,0,0,0
article182.txt,0,0,2,0,0,0,0,0,2,0,0,0,0,0,0,0,0,0,0,0,0,0,0,0,0,0,0,0,0,0,0,0,0,0,0,0,0,0,0,0,0,0,0,0,0,0,0,0,0,0
article183.txt,0,0,2,0,0,0,0,0,2,0,0,0,0,0,0,0,0,0,0,0,0,0,0,0,0,0,0,0,0,0,0,0,0,0,0,0,0,0,0,0,0,0,0,0,0,0,0,0,0,0
article184.txt,5,1,1,1,2,6,7,0,3,0,0,1,0,0,10,0,8,1,0,2,9,4,0,2,0,0,0,0,0,2,0,1,0,1,1,0,0,1,1,0,0,1,2,0,0,0,0,0,0,0
article185.txt,14,6,4,5,2,5,6,0,3,0,3,2,2,2,1,3,1,2,1,1,0,0,2,0,0,0,1,0,2,1,0,0,1,0,0,0,0,1,0,0,1,0,0,0,0,1,0,0,0,0
article186.txt,3,1,1,2,2,2,1,0,4,2,0,2,0,3,1,1,0,0,1,0,0,0,0,0,0,0,0,1,0,0,0,1,0,1,0,0,0,1,2,1,1,0,1,0,0,0,0,0,1,0
article187.txt,11,5,3,8,6,4,16,5,4,3,2,0,2,0,12,1,4,1,1,0,0,0,2,1,0,2,3,0,2,0,0,0,3,0,1,0,1,1,0,0,0,0,0,1,0,1,0,2,0,0
article188.txt,13,8,6,10,3,5,2,0,3,0,1,0,0,0,1,3,2,3,2,0,0,1,3,0,0,0,2,0,2,1,0,2,1,1,2,0,0,1,0,0,0,0,0,4,0,0,0,0,0,0
article189.txt,4,0,4,8,2,2,0,10,4,6,0,0,0,2,0,0,0,1,0,0,0,1,1,0,0,2,0,0,0,1,0,0,0,0,0,0,6,0,0,0,0,0,0,0,2,0,0,2,0,0
article190.txt,24,15,4,11,10,13,6,7,8,0,9,2,5,1,11,5,1,3,7,4,1,6,1,2,0,1,4,3,0,2,0,10,0,4,3,2,1,1,6,0,1,0,2,0,1,3,0,1,3,0
article191.txt,42,28,17,20,9,20,9,4,18,2,8,3,1,5,18,8,3,1,6,2,11,11,4,8,0,14,2,11,0,3,0,2,2,0,4,3,2,6,4,4,0,1,2,1,1,4,0,0,3,0
article192.txt,21,7,13,11,6,11,9,2,6,0,1,1,1,0,5,4,0,2,6,1,3,1,0,1,0,0,2,2,0,3,0,5,5,0,1,0,0,2,3,0,0,0,0,0,1,0,0,1,2,0
article193.txt,16,14,5,10,7,7,17,1,7,0,0,2,0,0,5,5,1,1,4,0,0,4,1,2,0,0,3,10,0,1,0,1,1,1,2,0,1,0,2,0,2,0,2,0,0,0,0,0,3,0
article194.txt,11,5,13,13,7,4,4,0,6,5,0,0,0,8,3,1,0,14,3,0,0,0,3,2,0,6,0,11,0,0,0,0,0,1,0,1,5,0,0,6,0,0,2,0,3,0,0,1,0,0
article195.txt,21,13,2,8,8,5,8,0,6,0,2,1,4,1,3,4,2,1,1,3,1,0,2,0,0,0,3,3,0,0,0,2,1,2,0,0,0,1,0,0,1,0,0,0,0,2,0,0,1,0
article196.txt,6,2,7,3,1,2,1,2,4,2,0,0,0,2,1,0,1,3,0,1,0,0,0,0,0,2,0,0,0,3,0,0,0,0,0,0,0,0,0,2,0,0,1,1,2,0,0,1,0,0
article197.txt,19,16,13,14,9,12,11,4,8,0,4,4,3,2,6,6,1,3,0,0,2,4,2,2,0,5,2,6,0,1,0,6,1,7,2,7,0,0,4,0,2,0,1,1,1,1,0,1,3,0
article198.txt,16,13,12,10,7,5,11,5,2,0,3,0,2,4,2,2,3,3,4,1,0,2,1,4,0,1,2,3,0,2,0,4,2,2,0,1,1,1,0,3,2,0,1,1,2,2,0,0,1,0
article199.txt,41,11,21,26,17,13,13,4,3,1,13,2,1,2,7,8,3,3,2,2,0,6,2,5,1,0,2,5,1,1,1,1,3,5,0,1,0,4,3,0,2,1,2,2,1,5,0,0,0,0
article200.txt,49,23,22,11,10,11,11,1,2,0,5,3,2,0,2,6,3,1,4,4,2,9,2,8,0,2,4,0,0,3,0,7,5,1,7,0,0,3,7,1,1,4,2,0,0,3,0,0,1,0
article201.txt,11,5,8,6,8,4,2,2,2,0,2,0,0,0,2,5,2,2,1,1,0,2,1,1,0,0,0,3,0,0,1,0,2,2,0,0,0,1,0,0,0,0,1,2,1,4,0,0,0,0
article202.txt,12,6,3,4,2,5,3,0,2,0,1,1,0,0,1,0,2,2,0,1,0,2,0,1,0,1,0,0,0,2,0,0,1,0,2,0,0,0,0,1,0,2,0,0,0,0,0,0,0,0
article203.txt,14,6,4,7,8,2,5,0,1,0,0,0,0,0,2,0,4,0,0,2,0,3,3,1,0,0,0,0,0,4,0,0,0,2,1,0,0,0,0,0,0,1,0,0,0,0,0,0,0,0
article204.txt,12,2,8,0,4,3,4,11,1,0,0,3,0,2,2,0,1,1,0,0,1,2,0,2,0,2,0,0,0,1,0,0,0,1,0,2,3,1,0,2,0,3,1,0,2,0,0,0,0,0
article205.txt,11,2,4,10,5,4,1,0,1,0,1,0,0,0,2,2,4,0,0,1,1,1,0,3,0,0,0,0,0,7,0,3,2,2,0,0,0,0,0,0,0,0,1,0,0,3,0,0,1,0
article206.txt,8,1,3,1,2,3,1,0,2,0,0,2,0,0,1,3,0,2,0,1,0,0,0,0,0,0,0,0,0,0,0,1,2,0,1,0,0,0,1,1,1,0,0,0,0,1,0,0,0,0
article207.txt,25,3,8,8,7,3,7,0,1,0,2,3,0,0,1,1,3,1,0,1,2,5,2,0,0,0,2,0,0,5,0,2,2,2,2,0,0,0,1,2,0,0,2,0,0,0,0,0,0,0
article208.txt,25,5,11,7,2,6,6,0,3,0,1,2,1,0,3,3,5,1,2,3,0,4,1,6,0,1,0,0,0,5,0,4,2,2,4,0,0,1,2,2,1,0,1,0,0,2,0,0,1,0
article209.txt,17,6,9,8,2,5,5,1,5,0,0,2,1,4,1,0,0,7,0,0,0,2,0,3,0,0,1,4,0,0,0,0,0,0,3,2,1,1,1,3,3,1,0,0,3,0,0,1,1,0
article210.txt,9,3,6,1,3,3,1,0,1,0,0,0,1,0,0,0,0,2,3,0,0,1,1,3,0,1,0,0,0,0,0,0,2,4,1,0,0,0,1,0,0,1,2,0,0,0,0,0,0,0
article211.txt,0,0,0,0,0,0,0,0,0,0,0,0,0,0,0,0,0,0,0,0,0,0,0,0,0,0,0,0,0,0,0,0,0,0,0,0,0,0,0,0,0,0,0,0,0,0,0,0,0,0
article212.txt,28,9,6,8,6,8,4,6,5,0,0,7,1,4,5,1,1,2,0,1,1,1,1,0,0,1,0,1,0,3,0,3,1,1,1,2,0,1,3,2,1,5,2,1,1,0,0,0,2,0
article213.txt,10,1,0,4,2,3,1,0,1,0,2,1,2,0,1,1,1,0,1,2,1,0,2,0,0,0,1,0,0,0,0,1,0,0,0,0,0,1,0,0,0,0,1,0,0,0,0,0,0,0
article214.txt,21,7,6,15,0,3,6,0,4,0,0,0,0,0,3,2,2,3,4,5,2,3,4,7,0,0,0,0,0,1,0,1,0,1,2,0,0,2,1,0,0,1,0,0,0,1,0,0,0,0
article215.txt,5,1,4,3,3,1,1,1,2,4,0,1,1,2,1,1,0,0,0,1,0,0,2,1,0,5,1,4,0,0,0,0,2,0,0,0,0,0,0,0,2,2,1,4,0,0,0,0,0,0
article216.txt,5,1,4,3,3,1,1,1,2,4,0,1,1,2,1,1,0,0,0,1,0,0,2,1,0,5,1,4,0,0,0,0,2,0,0,0,0,0,0,0,2,2,1,4,0,0,0,0,0,0
article217.txt,18,4,16,13,10,1,17,5,6,0,0,3,0,0,5,6,1,6,0,1,4,0,2,0,0,3,0,16,0,4,0,0,7,4,0,1,1,0,0,4,0,9,2,4,0,3,0,0,0,0
article218.txt,17,15,2,11,4,10,5,3,5,7,1,1,3,4,7,1,1,0,0,1,5,4,5,1,0,0,2,0,3,0,0,2,2,1,0,0,2,0,1,2,1,2,1,6,0,1,0,0,5,0
article219.txt,9,7,4,6,1,4,7,1,4,1,2,2,0,0,2,2,0,1,3,0,0,0,0,1,0,2,1,0,2,1,0,4,1,0,0,0,0,1,1,0,0,0,2,3,0,0,0,0,0,0
article220.txt,3,0,0,1,0,3,0,1,0,0,1,1,3,0,1,1,0,0,1,0,0,0,2,0,0,0,2,0,0,0,0,0,1,0,0,0,0,0,0,0,0,0,0,0,0,0,0,2,0,0
article221.txt,15,16,6,8,5,5,11,2,12,1,2,4,2,2,4,2,1,0,2,2,2,3,2,0,0,0,2,2,0,1,0,2,1,0,2,4,0,1,0,2,2,0,1,1,0,0,0,0,0,0
article222.txt,21,8,10,10,5,9,3,2,11,3,2,1,7,1,7,4,2,1,4,2,7,1,2,2,0,1,4,0,0,0,0,4,1,2,0,4,0,3,0,1,1,1,1,4,0,1,0,2,0,0
article223.txt,29,13,19,15,18,15,21,1,8,10,2,1,1,4,11,5,4,7,7,3,3,2,0,8,0,0,1,11,0,5,0,0,3,4,5,2,1,5,3,1,2,0,4,0,0,1,0,2,1,0
article224.txt,9,6,9,7,10,4,8,1,3,4,0,1,0,1,2,3,1,1,5,1,0,0,0,2,0,0,0,3,0,1,0,0,0,0,4,1,1,1,1,0,0,0,2,0,0,0,0,1,1,0
article225.txt,18,9,16,12,18,8,4,3,8,9,0,0,0,4,3,4,1,16,8,1,1,6,0,6,0,2,0,5,1,1,0,0,1,1,0,0,2,0,2,1,1,2,2,4,5,0,0,8,1,0
article226.txt,15,6,13,13,4,6,4,3,2,5,0,2,0,5,4,2,3,9,7,1,0,4,1,0,0,4,1,11,0,4,0,0,0,2,1,1,2,0,0,0,0,2,0,1,5,0,0,0,0,0
article227.txt,10,3,4,3,7,6,2,0,4,1,0,1,5,0,1,0,1,0,1,1,1,0,0,2,0,0,3,1,0,0,0,0,1,0,0,0,0,0,0,0,0,0,0,0,0,1,0,0,0,0
article228.txt,0,0,0,4,0,0,0,0,2,0,0,0,0,0,2,0,0,0,0,0,0,0,0,0,0,0,0,0,0,0,0,0,0,0,0,0,0,0,0,0,0,0,0,0,0,0,0,0,0,0
article229.txt,7,0,1,3,2,2,2,0,2,0,1,0,0,2,2,0,2,0,0,1,1,2,0,0,0,0,0,0,0,1,0,5,0,0,2,1,0,0,1,2,0,0,0,0,0,0,0,0,0,0
article230.txt,14,6,1,5,3,3,1,0,3,0,0,1,0,0,2,0,0,3,0,1,2,0,1,2,0,0,0,2,0,1,0,0,0,0,1,0,2,0,0,0,0,0,0,0,0,0,0,0,0,0
article231.txt,13,2,3,8,6,11,4,2,2,11,3,2,1,0,3,9,0,1,0,0,1,0,0,0,0,2,2,0,1,0,0,0,0,4,1,0,1,0,0,1,0,0,2,4,0,3,0,0,1,0
article232.txt,5,1,1,2,3,2,3,0,2,0,0,1,1,1,2,0,0,0,0,0,0,0,2,1,0,0,0,0,2,0,0,0,2,0,0,1,0,1,0,0,0,0,0,1,0,0,0,0,0,0
article233.txt,0,8,2,4,3,3,1,1,2,2,1,1,0,0,0,0,0,0,4,0,0,2,1,2,0,0,0,2,2,0,0,0,2,2,0,0,0,0,0,0,0,0,0,0,1,0,0,0,1,0
article234.txt,11,13,7,13,5,6,9,1,8,0,2,2,2,0,7,1,6,2,3,0,0,3,1,3,0,3,3,0,0,0,0,1,3,0,0,0,0,1,2,0,1,1,1,8,0,1,0,3,3,0
article235.txt,0,0,0,0,0,0,0,0,0,3,0,0,0,0,0,0,0,0,0,0,0,0,0,0,0,0,0,0,2,0,0,0,0,0,0,0,2,0,0,0,0,0,0,2,0,0,0,0,0,0
article236.txt,5,2,1,0,0,4,3,0,4,0,0,0,0,0,1,3,2,0,0,0,1,2,2,0,0,0,0,0,0,0,0,2,0,2,0,3,0,0,0,0,0,1,0,0,0,1,0,0,0,0
article237.txt,0,0,0,0,0,0,0,0,2,0,0,2,0,0,0,0,0,0,0,0,0,0,0,0,0,2,0,2,0,0,0,0,0,0,0,0,0,0,0,0,0,0,0,0,0,0,0,0,0,0
article238.txt,0,0,0,0,2,0,0,0,0,0,0,0,0,0,0,0,0,0,0,0,0,0,0,0,0,2,0,2,0,0,0,0,0,0,0,2,0,0,0,0,0,0,0,2,0,0,0,0,0,0
article239.txt,4,3,0,6,0,2,3,0,0,0,0,0,2,0,0,0,0,2,4,1,0,1,4,2,0,4,0,7,0,4,0,0,0,1,0,0,0,0,0,0,0,0,0,4,0,1,0,0,0,0
article240.txt,0,0,0,0,0,0,0,0,0,0,0,0,0,0,0,0,0,0,0,0,0,0,0,0,0,2,0,0,0,0,0,0,0,0,0,0,0,0,0,0,0,0,0,0,0,0,0,0,0,0
article241.txt,5,1,1,2,0,3,2,1,1,0,0,1,2,0,2,0,0,0,0,0,1,0,0,3,0,1,0,0,0,0,0,0,0,0,0,0,0,2,0,0,0,0,0,0,0,0,0,0,0,0
article242.txt,9,3,8,2,3,3,2,0,2,1,0,0,0,0,2,0,0,1,0,2,0,0,1,0,0,1,0,0,1,0,0,0,0,2,1,0,1,0,0,1,0,3,0,0,0,0,0,0,0,0
article243.txt,6,2,2,1,1,3,5,0,5,0,1,1,0,0,1,2,0,0,3,0,1,2,0,1,0,1,0,2,0,1,0,0,0,0,0,4,0,0,0,1,0,0,0,3,0,0,0,0,1,0
article244.txt,12,9,7,5,2,2,6,1,1,1,1,0,0,0,4,1,2,1,2,2,0,4,1,1,1,0,1,0,0,3,0,0,0,0,0,0,0,2,0,0,0,1,1,0,0,0,0,0,1,0
article245.txt,5,1,6,3,3,4,6,4,4,0,2,1,0,0,7,4,3,0,0,1,1,1,0,1,0,0,0,0,0,0,0,2,0,0,1,0,0,4,0,0,1,0,0,0,0,0,0,0,2,0
article246.txt,8,5,4,4,6,4,5,1,0,1,0,1,0,0,3,1,2,0,1,1,0,1,0,5,1,0,1,0,0,1,0,0,0,0,0,0,0,2,1,0,0,0,1,0,0,0,0,0,0,0
article247.txt,27,11,7,31,16,15,6,1,15,2,5,1,2,0,2,3,4,2,1,3,1,17,3,5,0,1,4,5,0,3,0,5,5,5,5,7,0,2,2,3,2,1,5,2,1,4,0,3,4,0
article248.txt,6,4,0,3,1,2,2,0,5,2,0,0,1,0,0,1,1,3,0,0,0,1,0,0,0,2,0,0,2,0,0,1,0,0,0,0,0,0,1,1,0,0,0,1,0,0,0,0,0,0
article249.txt,5,1,3,0,8,2,0,0,4,1,0,0,0,0,1,1,0,1,0,1,1,0,0,2,0,0,0,0,0,0,0,0,0,0,0,0,0,0,0,0,0,2,0,0,0,0,0,0,0,0
article250.txt,33,19,11,11,16,10,16,13,18,0,15,5,7,8,14,9,3,7,1,1,2,3,6,1,0,5,2,7,0,1,0,2,3,0,1,7,4,0,2,7,4,1,3,2,6,2,0,1,4,0
article251.txt,3,2,2,1,1,3,2,1,1,5,2,0,0,0,2,0,0,0,0,0,0,1,0,0,0,0,0,1,0,0,0,1,0,0,0,0,0,0,0,0,0,0,0,0,1,1,0,0,0,0
article252.txt,9,6,4,2,3,4,4,0,3,1,1,0,0,0,3,1,1,0,0,0,0,2,1,0,0,0,0,1,3,4,0,0,1,0,1,0,1,0,1,2,0,1,0,2,0,0,0,0,0,0
article253.txt,11,7,4,1,2,2,1,0,5,0,2,0,0,1,0,0,1,1,0,1,0,0,0,1,0,0,1,0,2,0,0,1,0,0,0,0,1,1,0,1,0,0,0,0,0,1,0,0,0,0
article254.txt,0,0,0,4,0,0,0,0,0,0,0,0,0,0,0,2,0,0,0,0,0,0,0,0,0,0,0,0,0,0,0,0,0,0,0,0,0,0,0,0,0,0,0,0,0,0,0,0,0,0
article255.txt,36,16,37,16,8,10,8,5,10,28,8,5,2,9,3,4,11,8,1,0,1,4,4,5,6,10,3,0,0,3,0,0,4,3,0,2,5,0,0,3,5,2,3,5,9,1,0,3,1,0
article256.txt,37,16,36,15,8,11,9,4,8,11,7,5,2,8,1,4,7,8,1,0,0,4,4,4,8,2,2,0,1,3,0,0,5,4,0,2,6,0,0,3,6,2,3,3,9,1,0,3,1,0
article257.txt,0,0,0,0,0,0,0,0,0,2,0,0,0,0,0,0,0,0,0,0,0,0,0,0,0,0,0,0,3,0,0,0,0,0,0,0,0,0,0,0,0,0,0,2,0,0,0,0,0,0
article258.txt,3,2,4,5,3,3,2,1,1,2,1,2,1,0,0,0,0,0,4,0,0,0,1,4,0,1,0,1,0,0,0,0,0,0,1,0,0,0,0,0,0,0,0,0,0,0,0,0,0,0
article259.txt,6,1,6,6,1,4,5,2,3,13,0,1,0,0,0,0,0,7,1,0,0,0,0,1,0,1,0,0,3,1,0,0,0,0,0,0,0,0,0,0,0,0,0,2,0,0,0,0,0,0
article260.txt,17,6,5,4,4,3,2,0,1,0,1,1,0,1,6,2,1,1,3,3,6,0,1,0,0,0,0,0,0,1,0,0,1,3,1,0,0,1,0,0,0,1,1,0,0,0,0,0,2,0
article261.txt,4,2,2,2,1,2,1,0,2,0,2,0,0,0,0,0,2,1,0,0,0,0,0,1,0,2,0,0,0,0,0,0,0,0,0,0,1,0,0,0,0,0,0,0,0,0,0,0,0,0
article262.txt,20,6,6,4,4,5,1,0,0,0,0,0,3,0,1,2,3,0,1,3,0,0,4,0,0,0,3,0,2,3,0,3,0,1,1,0,0,0,2,0,2,2,0,0,0,0,0,0,0,0
article263.txt,9,5,5,16,2,6,8,1,7,4,1,2,1,0,2,7,2,1,1,1,2,2,1,1,0,0,0,5,0,0,0,3,1,2,1,5,0,0,0,0,0,0,1,1,0,2,0,5,0,0
article264.txt,15,4,4,14,5,3,3,0,5,0,1,0,0,0,3,3,0,0,2,0,3,2,3,0,0,0,2,0,0,0,0,0,0,0,1,0,0,3,2,0,0,0,1,0,0,0,0,0,2,0
article265.txt,15,4,4,15,5,2,3,0,4,0,1,0,0,0,4,2,0,0,2,0,4,2,3,0,0,0,2,0,0,0,0,0,0,0,1,0,0,3,2,0,0,0,1,0,0,0,0,0,2,0
article266.txt,7,2,1,3,3,2,2,1,4,0,0,2,3,0,1,0,1,1,0,0,0,0,1,0,0,1,1,0,0,0,0,0,0,0,0,0,0,0,1,0,0,0,0,0,0,1,0,4,0,0
article267.txt,19,7,9,22,9,11,6,0,12,4,8,0,3,0,4,5,1,0,6,2,0,10,1,1,0,0,5,0,0,1,0,5,1,4,1,6,0,2,5,1,2,1,5,0,0,1,0,6,4,0
article268.txt,19,8,14,9,9,9,11,0,6,1,1,5,1,4,1,5,6,2,0,3,0,4,4,0,0,0,1,2,0,3,1,0,4,2,2,7,0,3,3,2,2,3,4,4,0,2,0,0,2,3
article269.txt,0,0,0,0,0,0,0,0,0,3,0,0,0,0,0,0,0,0,0,0,0,0,0,0,0,0,0,0,2,0,0,0,0,0,0,0,2,0,0,0,0,0,0,2,0,0,0,0,0,0
article270.txt,0,0,0,0,0,0,0,0,0,0,0,0,0,0,0,0,0,0,0,0,0,0,0,0,0,0,0,0,0,0,0,0,0,0,0,0,0,0,0,0,0,0,0,0,0,0,0,0,0,0
article271.txt,6,1,6,6,2,4,5,2,3,14,0,1,0,0,0,0,0,7,1,0,0,0,0,1,0,0,0,0,2,1,0,0,0,0,0,0,1,0,0,0,0,1,0,2,0,0,0,0,0,0
article272.txt,0,0,0,0,0,0,0,0,2,0,0,0,0,0,0,0,0,0,0,0,0,0,0,0,0,0,0,2,0,0,0,0,0,0,0,0,0,0,0,0,0,0,0,2,0,0,0,0,0,0
article273.txt,6,1,5,9,2,2,1,0,2,16,0,0,0,0,1,0,0,8,0,0,3,0,1,0,0,3,0,0,0,0,0,0,0,0,0,0,4,0,0,1,0,0,1,2,0,0,0,0,0,0
article274.txt,20,22,21,20,9,16,7,3,19,5,6,1,2,6,11,7,0,4,0,3,0,4,2,2,0,2,0,4,1,1,0,1,4,2,1,7,0,2,2,6,2,2,0,6,5,2,0,7,3,0
article275.txt,4,7,2,0,5,1,3,0,1,1,1,0,0,0,0,0,0,0,0,1,1,0,1,1,0,0,0,0,0,0,0,0,1,0,0,0,0,1,0,0,0,0,0,0,0,1,0,0,0,0
article276.txt,3,1,2,0,1,2,1,0,2,0,1,1,2,0,0,1,4,0,0,0,0,0,0,1,0,0,1,0,0,0,0,0,2,0,0,0,0,0,0,0,0,0,0,0,0,0,0,0,1,0
article277.txt,8,8,4,3,2,4,7,0,6,1,1,1,0,1,2,1,0,2,0,2,3,3,0,0,0,0,1,4,2,0,0,2,0,2,0,2,0,2,2,3,0,2,1,1,1,0,0,1,0,0
article278.txt,4,1,1,2,5,4,1,0,2,0,0,0,3,0,0,0,3,2,3,1,0,0,0,4,0,0,1,0,0,0,0,0,0,0,1,0,0,1,0,0,0,0,0,0,0,1,0,1,0,0
article279.txt,17,8,5,16,7,5,8,1,13,0,0,2,0,0,3,8,2,5,0,0,1,7,1,0,0,0,3,1,0,0,0,1,0,1,3,0,0,0,0,0,0,0,0,0,0,0,0,4,1,0
article280.txt,0,0,0,2,0,0,0,0,2,0,0,0,0,0,0,0,0,0,0,0,0,0,0,0,0,0,0,2,0,0,0,0,0,0,0,2,0,0,0,0,0,0,0,2,0,0,0,0,0,0
article281.txt,0,0,0,0,0,0,0,0,0,3,0,0,0,0,0,0,0,0,0,0,0,0,0,0,0,0,0,0,2,0,0,0,0,0,0,0,2,0,0,0,0,0,0,2,0,0,0,0,0,0
article282.txt,7,2,6,5,3,4,0,0,2,9,0,1,0,0,0,0,0,0,1,0,0,0,1,1,0,2,0,0,2,0,0,0,0,0,0,0,3,0,0,0,0,4,0,3,0,0,0,0,0,0
article283.txt,2,1,0,3,2,1,2,0,1,0,2,1,1,0,2,2,1,0,1,0,0,0,2,2,0,1,0,4,0,0,0,0,0,0,0,1,0,0,0,0,0,0,0,3,0,0,0,0,0,0
article284.txt,10,0,5,3,1,6,4,8,3,14,0,1,1,7,3,2,0,8,1,0,2,0,1,1,0,6,0,0,0,3,0,0,0,1,0,0,6,0,1,1,0,1,0,3,0,0,0,1,0,0
article285.txt,0,0,0,2,0,0,0,0,0,0,0,0,0,0,0,0,0,0,0,0,0,0,0,0,0,0,0,1,0,0,0,0,0,0,0,2,0,0,0,0,0,0,0,2,0,0,0,0,0,0
article286.txt,14,11,4,6,6,5,5,0,0,0,0,1,1,1,5,4,2,0,1,0,0,2,1,0,0,0,1,0,0,1,0,1,0,0,0,0,0,0,1,0,0,0,0,0,0,0,0,0,1,0
article287.txt,11,8,3,8,3,5,4,0,2,0,5,0,1,0,2,0,2,1,3,1,0,2,1,1,0,0,1,1,0,1,0,5,0,1,0,6,1,0,3,0,0,0,1,2,0,1,0,1,2,0
article288.txt,4,0,0,1,0,1,2,0,2,0,0,0,1,0,1,2,1,0,1,0,0,0,0,2,0,0,0,1,0,0,0,0,0,0,0,0,0,0,0,1,0,0,0,3,0,0,0,0,0,0
article289.txt,4,2,0,2,1,1,3,0,1,0,0,0,1,0,1,2,1,0,1,0,0,0,0,2,0,0,0,2,0,1,0,0,0,0,0,0,0,0,0,1,0,0,0,4,0,0,0,0,0,0
article290.txt,8,1,7,4,7,5,3,2,1,1,1,0,1,0,1,0,1,1,0,1,0,1,0,2,0,0,3,0,0,1,0,3,1,0,4,0,0,0,1,0,0,0,1,0,0,0,0,0,0,0
article291.txt,5,6,0,2,1,2,0,0,2,0,1,0,0,0,0,1,0,0,0,0,0,0,3,1,0,0,0,0,0,0,0,0,1,0,0,0,0,0,0,0,0,0,0,0,0,1,0,0,0,0
article292.txt,18,9,16,8,12,0,7,0,3,13,1,6,0,0,5,4,0,6,8,0,1,1,1,0,0,24,1,0,7,7,0,0,4,4,0,2,2,1,0,1,1,2,1,1,0,3,0,2,1,0
article293.txt,0,0,0,0,0,0,0,0,0,0,0,0,0,0,0,0,0,0,0,0,0,0,0,0,0,0,0,2,0,0,0,0,0,0,0,2,0,0,0,0,0,0,0,2,0,0,0,0,0,0
article294.txt,1,8,1,2,6,3,1,2,5,4,0,1,0,1,0,0,0,1,1,1,0,0,1,1,0,1,0,3,1,0,0,0,1,0,0,0,5,2,0,0,0,0,0,0,0,0,0,0,0,0
article295.txt,3,1,1,1,1,2,3,0,4,0,0,0,0,0,1,1,0,0,1,0,1,0,0,1,0,0,0,1,0,0,0,0,0,0,0,2,0,0,0,0,0,0,0,4,0,0,0,0,0,0
article296.txt,34,19,13,17,8,4,13,2,7,5,2,4,1,3,9,3,4,5,1,0,9,3,2,0,0,0,3,3,0,3,0,4,3,3,5,6,1,1,2,1,2,2,2,3,4,3,0,3,0,0
article297.txt,8,3,3,1,2,3,1,2,2,2,0,0,0,1,1,2,1,1,1,1,0,2,2,1,0,0,1,2,0,0,0,0,1,0,0,0,0,0,0,0,0,0,0,0,0,0,0,0,0,0
article298.txt,30,9,10,17,6,4,1,0,2,1,2,3,0,2,3,1,3,3,2,4,0,7,0,1,0,0,0,2,0,7,0,0,1,4,0,2,1,2,0,1,2,0,1,2,0,3,0,0,2,0
article299.txt,0,0,0,0,0,0,2,0,0,0,0,0,0,0,0,0,0,0,0,0,0,0,2,0,0,0,0,2,0,0,0,0,0,0,0,2,0,0,0,0,0,0,0,2,0,0,0,0,0,0
article300.txt,4,0,2,5,2,3,1,0,3,0,3,0,1,0,1,0,2,0,2,0,1,2,0,1,0,0,1,0,0,0,0,1,0,0,1,0,0,1,0,1,0,0,0,0,0,0,0,0,0,0
article301.txt,2,2,0,1,3,2,0,0,2,0,0,0,0,0,1,1,0,0,0,1,0,1,1,0,0,0,0,0,0,0,0,0,0,0,0,0,0,0,0,0,1,2,0,0,0,0,0,0,0,0
article302.txt,2,4,3,4,1,0,2,0,1,5,0,1,0,1,0,1,1,0,4,1,0,0,0,0,2,0,0,1,2,1,0,0,0,0,0,1,0,0,0,1,0,0,1,2,2,0,0,2,0,0
article303.txt,15,16,7,13,7,10,8,0,7,4,3,4,2,1,5,5,2,0,8,1,0,4,3,6,0,1,0,2,3,7,0,8,1,1,1,5,1,5,1,4,4,2,2,2,0,2,0,1,0,0
article304.txt,30,12,13,16,11,1,10,2,4,1,4,3,0,1,8,4,0,1,3,1,2,1,1,5,0,0,3,1,0,2,0,0,3,2,0,1,0,2,1,3,2,0,3,0,1,2,0,0,3,0
article305.txt,20,7,11,22,13,20,10,2,3,8,6,6,1,1,3,7,3,1,5,0,0,15,6,6,0,3,5,1,3,7,0,14,3,3,4,5,0,0,5,0,4,7,3,1,0,2,0,1,5,0
article306.txt,6,3,4,4,3,3,2,2,3,0,0,0,1,0,1,1,0,0,0,1,0,0,5,0,0,3,0,0,0,1,0,0,0,0,0,2,0,1,0,0,0,4,1,0,0,1,0,0,0,0
article307.txt,3,2,5,6,2,4,5,0,3,2,1,0,0,0,4,3,1,5,2,0,2,2,0,1,0,1,0,1,0,2,0,0,1,3,0,2,0,0,1,0,0,0,1,2,0,0,0,3,0,0
article308.txt,18,9,8,9,9,5,4,2,5,0,0,1,0,5,5,7,4,1,3,2,0,2,0,0,0,0,2,0,1,2,0,3,1,0,2,1,1,1,1,2,0,0,0,0,2,0,0,0,1,0
article309.txt,27,8,9,14,6,7,4,1,9,3,3,5,1,1,5,2,2,1,2,1,0,2,1,1,0,0,1,4,0,4,0,2,2,1,0,9,0,0,0,1,0,1,1,0,1,3,0,0,0,0
article310.txt,9,4,3,5,4,5,1,0,1,0,2,0,2,0,2,3,2,0,1,0,2,4,0,1,0,0,1,0,0,0,0,5,2,0,0,0,0,0,1,0,0,0,2,0,0,2,0,0,1,0
article311.txt,2,4,1,1,4,3,1,0,4,1,0,1,1,0,1,0,0,1,0,0,0,0,0,3,0,0,2,0,1,1,0,0,0,2,1,0,0,0,0,0,1,1,1,0,0,0,0,2,0,0
article312.txt,6,1,3,5,0,1,5,0,2,0,0,1,1,0,1,0,1,2,1,1,0,4,0,4,0,0,0,0,0,2,0,0,0,1,1,0,0,1,0,0,0,1,0,0,0,0,0,0,0,0
article313.txt,12,7,16,6,7,5,1,0,4,22,3,1,0,0,1,3,1,6,2,3,0,0,2,4,0,36,0,0,1,0,0,0,3,1,0,2,18,0,0,2,1,2,3,7,3,1,0,5,2,0
article314.txt,2,1,1,0,3,2,0,0,2,0,1,0,0,0,1,2,0,0,1,1,1,0,0,0,0,0,1,2,2,1,0,0,0,0,1,1,0,0,0,0,1,0,0,2,0,1,0,0,0,0
article315.txt,2,0,0,3,0,2,5,0,1,0,0,2,0,0,0,2,0,0,2,0,0,2,0,1,0,0,0,3,0,2,0,0,0,0,0,4,0,0,0,0,0,0,0,2,0,0,0,0,0,0
article316.txt,13,2,0,5,3,6,1,0,4,0,1,0,0,0,2,0,3,1,2,3,0,3,1,2,0,0,0,0,1,4,0,2,0,0,0,0,0,0,0,1,0,1,0,3,0,0,0,0,0,0
article317.txt,21,9,11,13,5,8,6,0,5,10,0,2,1,0,6,4,0,7,0,4,0,0,6,1,0,5,1,2,2,1,0,0,0,0,1,5,5,1,1,7,1,0,2,6,0,1,0,3,1,0
article318.txt,3,1,3,1,3,2,1,0,3,0,0,2,0,0,0,1,2,0,0,1,0,0,0,0,0,0,0,0,2,2,0,1,0,0,0,0,0,0,2,1,0,2,1,2,0,1,0,0,0,0
article319.txt,39,18,14,17,11,14,14,0,19,7,6,7,8,2,4,6,3,4,9,5,4,6,6,4,1,3,6,9,1,2,0,3,2,7,1,8,1,2,0,0,14,6,3,4,0,2,0,2,1,0
article320.txt,4,2,4,1,4,2,2,0,3,0,0,1,0,0,0,1,3,0,0,0,0,0,1,0,0,0,0,0,0,1,0,2,0,0,0,2,0,0,0,0,0,1,0,0,0,0,0,0,0,0
article321.txt,31,7,10,8,12,7,11,0,8,0,2,1,4,0,4,3,4,1,0,3,3,12,5,1,0,0,4,0,3,1,0,2,3,2,0,8,2,2,0,1,0,2,1,1,0,1,0,2,0,0
article322.txt,8,4,0,4,6,1,4,1,3,0,0,3,1,0,2,1,6,0,0,1,0,1,1,1,0,0,1,0,1,2,0,0,0,0,1,0,0,0,0,0,0,0,0,1,0,0,0,1,0,0
article323.txt,8,1,1,1,2,2,1,0,5,1,1,2,0,0,2,1,2,1,0,0,0,0,0,1,0,0,0,0,0,2,0,0,0,0,0,0,0,0,0,0,0,1,0,0,0,0,0,0,0,0
article324.txt,24,10,8,23,7,7,6,1,8,4,1,3,2,1,4,5,3,2,0,6,1,0,3,4,0,0,1,5,2,2,0,2,1,2,4,1,0,0,1,3,0,0,0,4,1,0,0,0,1,0
article325.txt,16,7,4,6,6,8,5,2,6,3,1,1,1,0,3,4,4,1,2,0,0,1,2,2,0,1,0,0,1,1,0,0,4,0,0,3,0,4,1,0,0,0,1,5,0,1,0,0,5,0
article326.txt,6,1,2,1,0,3,3,0,2,0,0,0,0,1,1,0,0,0,1,1,1,0,3,1,0,2,0,0,0,0,0,0,0,0,0,0,1,1,0,0,1,0,1,0,0,0,0,0,0,0
article327.txt,3,3,4,0,3,2,2,0,3,0,0,1,0,1,0,0,0,1,0,1,0,1,0,0,0,0,0,0,0,0,0,0,0,0,0,0,0,0,0,1,0,4,0,0,1,0,0,0,0,0
article328.txt,5,2,4,1,2,1,1,1,2,1,0,2,0,0,2,0,2,0,0,0,0,0,0,0,0,0,0,1,1,2,0,0,0,1,0,0,0,0,0,0,0,0,0,0,0,1,0,0,2,0
article329.txt,24,10,8,23,7,7,6,1,8,4,1,3,2,1,4,5,3,2,0,6,1,0,3,4,0,0,1,5,2,2,0,2,1,2,4,1,0,0,1,3,0,0,0,4,1,0,0,0,1,0
article330.txt,36,19,38,22,22,22,22,20,4,0,6,7,7,7,10,6,3,5,4,1,5,1,2,20,0,5,0,6,0,2,0,0,5,1,5,3,7,0,2,2,6,0,1,0,4,1,0,1,2,0
article331.txt,23,14,10,7,13,11,13,2,6,7,1,2,3,0,7,3,2,2,0,0,0,3,2,3,0,0,0,1,4,1,0,3,2,3,2,0,0,1,0,0,2,0,0,0,0,1,0,8,2,0
article332.txt,4,3,1,1,4,3,1,1,3,1,0,1,0,0,4,1,2,2,2,0,4,1,0,3,0,0,0,1,0,0,0,0,0,0,1,0,1,0,1,1,0,0,0,0,0,0,0,1,0,0
article333.txt,0,2,0,0,0,0,0,0,2,0,0,0,0,0,2,0,0,0,0,0,0,0,0,0,0,0,0,0,0,0,0,0,0,0,0,0,2,0,0,0,0,0,0,0,0,0,0,0,0,0
article334.txt,0,0,0,0,0,2,2,0,0,0,0,2,0,0,0,0,0,0,0,0,0,0,0,2,0,0,0,0,0,0,0,0,0,0,0,2,0,0,0,0,0,0,0,2,0,0,0,0,0,0
article335.txt,1,3,0,0,1,1,1,0,3,3,0,0,0,1,0,0,0,1,0,0,0,0,1,0,0,0,0,0,0,0,0,0,0,0,0,0,0,0,0,0,0,1,0,0,1,0,0,0,0,0
article336.txt,11,7,2,6,5,7,1,3,3,3,0,0,0,0,0,2,2,2,3,2,0,0,1,6,0,2,0,4,1,1,0,0,0,1,0,0,0,0,0,0,0,1,0,0,0,0,0,1,1,0
article337.txt,3,1,0,2,0,2,4,0,3,0,0,1,0,0,0,1,0,1,2,0,0,1,0,1,0,0,0,2,0,0,0,0,0,0,0,1,0,0,0,0,0,1,0,3,0,0,0,0,0,0
article338.txt,2,0,3,4,2,4,1,0,1,0,3,0,2,0,4,0,0,0,0,1,0,1,0,2,0,0,0,0,0,1,0,2,1,0,0,0,0,0,1,0,0,0,0,0,0,0,0,0,0,0
article339.txt,4,1,0,3,1,3,3,1,4,0,1,0,1,0,1,2,0,0,2,0,0,1,3,4,0,0,0,5,0,0,0,0,0,0,0,1,0,0,0,0,0,0,0,5,0,0,0,0,0,0
article340.txt,20,6,8,8,3,7,3,0,5,5,3,4,1,0,2,2,0,2,0,2,0,1,2,2,0,0,0,5,2,1,0,1,0,2,2,0,0,0,2,0,1,2,0,3,0,0,0,0,2,0
article341.txt,3,2,0,2,2,1,3,0,1,0,1,0,0,0,0,1,0,0,0,0,0,0,0,2,0,0,0,2,0,1,0,0,0,0,0,0,0,0,0,0,0,0,0,2,0,1,0,0,0,0
article342.txt,0,0,0,2,0,0,0,0,2,0,0,0,0,0,0,0,0,0,0,0,0,0,2,0,0,0,0,1,0,0,0,0,0,0,0,2,0,0,0,0,0,0,0,2,0,0,0,0,0,0
article343.txt,6,0,3,7,3,7,3,0,6,0,4,0,0,0,2,2,6,2,0,0,2,3,1,0,0,0,5,0,0,0,0,1,0,0,0,1,0,2,1,0,1,0,1,0,1,0,0,2,0,0
article344.txt,5,3,0,3,1,2,5,0,2,0,1,1,0,0,1,2,0,0,2,0,1,0,1,1,0,0,0,3,0,3,0,0,0,0,0,3,0,0,0,2,0,0,0,3,0,0,0,0,0,0
article345.txt,12,2,9,9,1,3,1,0,9,0,2,0,2,0,2,0,0,1,0,1,2,2,0,0,0,0,0,6,1,1,0,7,0,0,0,3,1,0,3,0,0,1,0,0,1,2,0,0,0,0
article346.txt,6,4,4,4,6,3,3,0,7,1,1,0,1,1,1,1,2,1,0,0,0,1,1,0,0,1,0,1,0,0,0,3,1,2,0,3,0,0,0,1,1,1,0,0,0,0,0,2,0,0
article347.txt,15,5,3,13,4,5,7,0,6,2,1,3,1,1,4,5,2,0,3,1,0,1,1,1,0,1,2,0,0,3,0,5,2,1,1,3,1,2,2,1,1,0,2,0,0,0,0,0,1,0
article348.txt,5,5,3,4,2,1,0,0,5,0,0,1,1,0,1,0,0,1,0,0,0,0,0,0,0,0,1,0,0,0,0,0,0,0,1,1,0,0,0,1,0,0,0,2,0,1,0,0,0,0
article349.txt,3,5,2,0,2,2,0,0,5,0,0,0,2,4,1,2,1,0,0,0,0,0,0,0,0,0,0,3,0,0,0,0,0,1,0,1,3,0,0,3,2,0,0,0,1,0,0,0,0,0
article350.txt,10,6,3,6,3,4,1,0,5,0,0,1,2,2,2,3,2,0,0,0,0,1,0,0,0,0,3,0,0,0,0,0,0,1,2,0,0,3,0,0,2,0,1,0,0,1,0,4,0,0
article351.txt,7,2,1,5,3,2,2,1,5,0,1,3,1,0,2,0,0,0,2,0,0,0,1,1,0,0,0,0,0,1,0,0,0,0,0,5,0,0,0,1,0,0,0,0,0,0,0,0,0,0
article352.txt,4,3,2,1,1,1,2,0,4,0,0,1,0,0,1,2,0,0,2,1,0,3,0,0,0,0,0,0,1,3,0,1,0,2,0,2,0,1,0,1,0,1,0,2,0,0,0,0,0,0
article353.txt,13,8,3,10,5,4,3,1,4,4,0,1,2,0,3,6,0,2,2,2,1,2,1,0,0,0,1,2,0,1,0,2,1,2,4,0,0,0,0,1,0,0,0,6,0,0,0,0,2,0
article354.txt,29,16,17,13,14,12,10,0,10,0,14,2,3,1,7,5,3,1,3,0,4,0,6,2,0,3,2,2,0,1,0,0,3,2,0,1,0,1,2,1,0,0,1,1,2,2,0,0,0,0
article355.txt,38,20,15,29,10,13,8,0,6,2,6,1,1,2,6,4,3,3,4,3,0,10,2,1,0,1,3,4,3,6,0,7,2,4,3,10,0,1,4,4,3,0,3,3,0,4,0,2,1,0
article356.txt,6,7,4,4,5,5,7,6,7,0,2,0,0,1,5,1,0,2,2,1,0,0,0,2,0,0,1,0,0,0,0,0,0,1,0,0,1,0,0,0,0,0,0,0,0,0,0,2,0,0
article357.txt,13,7,6,16,7,8,3,1,8,3,1,1,2,0,6,8,3,0,4,2,0,5,4,1,0,0,2,1,1,2,0,0,1,1,2,0,0,2,0,4,1,0,1,3,0,3,0,1,1,0
article358.txt,1,5,2,6,0,1,1,1,5,1,0,0,0,0,3,3,1,0,3,1,0,0,0,0,0,0,1,0,0,1,0,0,1,1,0,0,0,1,0,2,0,0,0,2,0,0,0,0,0,0
article359.txt,11,2,2,3,1,3,4,0,3,0,1,1,0,0,0,0,2,1,1,0,0,0,0,0,0,0,1,0,0,2,0,2,0,0,1,0,0,0,0,0,0,0,1,0,0,0,0,0,0,0
article360.txt,35,30,22,16,25,13,25,0,24,9,7,3,2,1,17,11,4,3,1,1,8,5,2,4,0,0,0,11,0,0,0,5,2,0,0,4,1,6,2,1,0,1,4,1,1,4,0,1,4,0
article361.txt,2,1,2,3,3,1,2,0,3,1,1,2,0,1,2,1,1,0,0,0,0,0,0,0,0,1,0,0,0,2,0,0,0,0,0,0,0,0,0,0,0,0,0,0,0,0,0,0,0,0
article362.txt,34,20,15,10,9,4,11,0,5,0,3,5,0,1,12,0,4,2,1,1,0,1,2,3,0,1,0,1,3,4,0,0,3,0,0,0,0,2,1,1,0,2,2,0,0,5,0,1,0,0
article363.txt,18,12,8,6,7,3,8,0,2,4,1,2,2,0,3,3,0,0,2,1,0,1,2,0,0,1,2,3,3,0,0,1,1,0,3,0,0,2,0,1,0,0,0,2,0,0,0,0,0,0
article364.txt,0,0,0,4,0,0,0,0,0,0,0,0,0,0,0,0,0,0,0,0,0,0,0,0,0,0,0,1,0,0,0,0,0,0,0,2,0,0,0,0,0,0,0,2,0,0,0,0,0,0
article365.txt,0,0,0,0,0,0,0,0,0,3,0,0,0,0,0,0,0,0,0,0,0,0,0,0,0,2,0,0,2,0,0,0,0,0,0,0,2,0,0,0,0,0,0,2,0,0,0,0,0,0
article366.txt,7,2,6,6,3,4,0,0,2,9,0,1,0,0,0,0,0,0,1,0,0,0,0,1,0,3,0,0,2,0,0,0,0,0,0,0,1,0,0,0,0,1,0,3,0,0,0,0,0,0
article367.txt,2,1,0,3,1,1,3,0,1,0,0,0,1,0,2,2,0,0,1,0,0,0,0,1,0,0,0,2,0,1,0,0,0,0,0,1,0,0,0,0,0,0,0,2,0,0,0,0,0,0
article368.txt,10,0,5,3,1,6,4,8,3,14,0,1,1,7,3,2,0,8,1,0,2,0,1,1,0,5,0,0,0,3,0,0,0,1,0,0,4,0,1,1,0,1,0,3,0,0,0,1,0,0
article369.txt,25,21,13,14,13,5,4,5,6,11,1,0,0,2,5,1,2,15,3,0,3,1,4,3,0,5,1,6,0,2,0,0,0,0,0,0,0,0,1,3,0,1,0,0,7,1,0,0,0,0
article370.txt,5,3,0,6,5,4,4,0,6,0,1,2,2,0,6,3,3,2,2,3,0,2,2,2,0,1,4,0,1,2,0,4,2,1,6,0,0,1,2,2,0,0,2,2,0,0,0,0,0,0
article371.txt,4,5,1,17,2,2,3,0,2,0,0,2,1,0,3,5,0,0,1,2,0,0,0,2,0,0,3,0,4,0,0,2,0,0,3,0,0,0,1,2,1,0,1,1,0,0,0,0,0,0
article372.txt,9,7,1,2,3,0,4,0,5,0,0,3,0,0,0,4,1,1,0,1,0,0,1,1,0,3,2,1,0,4,0,1,3,1,2,0,1,4,2,0,1,1,1,0,0,0,0,0,1,0
article373.txt,9,7,1,2,3,0,4,0,5,0,0,3,0,0,0,4,1,1,0,1,0,0,1,1,0,3,2,1,0,4,0,1,3,1,2,0,1,4,2,0,1,1,1,0,0,0,0,0,1,0
article374.txt,4,5,1,17,2,2,3,0,2,0,0,2,1,0,3,5,0,0,1,2,0,0,0,2,0,0,3,0,4,0,0,2,0,0,3,0,0,0,1,2,1,0,1,1,0,0,0,0,0,0
article375.txt,2,3,1,1,1,3,1,2,2,3,0,2,0,2,0,0,2,2,3,0,0,0,2,1,0,1,0,0,0,0,0,0,0,1,0,0,0,0,0,0,0,3,0,0,2,0,0,1,0,0
article376.txt,7,1,0,1,0,1,0,0,1,0,0,1,0,0,0,0,1,0,0,0,0,0,2,0,0,0,0,0,0,1,0,0,0,0,0,0,0,0,0,1,0,0,1,0,0,0,0,0,0,0
article377.txt,20,14,6,23,8,14,9,0,8,1,2,2,2,1,6,5,8,1,5,0,1,2,6,1,0,0,5,6,3,0,0,3,0,0,3,9,0,3,2,1,2,0,4,9,0,2,0,1,2,0
article378.txt,21,10,14,21,14,15,5,0,7,5,5,4,8,3,3,10,2,6,5,1,3,5,3,0,0,2,5,9,0,2,0,6,3,5,1,1,0,1,2,0,3,2,4,0,5,3,0,1,0,0
article379.txt,23,7,8,13,5,10,5,0,11,5,2,2,0,2,8,0,1,4,2,2,1,0,3,0,0,1,1,2,0,4,0,1,4,2,1,5,1,1,1,2,0,0,2,1,0,1,0,4,2,0
article380.txt,18,13,9,6,6,6,8,0,4,1,1,2,3,0,6,6,2,2,6,2,0,2,1,1,0,0,1,1,2,2,0,1,4,1,1,0,0,3,0,0,0,0,1,2,1,0,0,1,1,0
article381.txt,3,4,0,4,8,3,0,0,1,0,0,0,2,0,1,0,0,0,4,0,1,0,0,2,0,0,0,0,0,0,0,0,1,0,0,0,0,1,0,0,0,0,0,0,0,0,0,0,0,0
article382.txt,30,10,7,17,9,8,7,1,10,0,2,0,1,0,8,1,5,1,1,2,0,8,2,4,0,1,2,0,0,4,0,1,1,1,1,0,0,0,2,0,1,0,1,0,0,0,0,0,2,0
article383.txt,10,7,4,4,2,7,3,2,6,2,1,1,2,0,5,2,2,0,4,1,2,3,0,7,0,0,1,3,1,1,0,0,1,0,0,1,0,0,0,0,0,0,0,0,0,1,0,0,0,0
article384.txt,25,5,4,11,11,8,7,0,2,1,2,4,6,1,2,0,1,0,1,0,1,0,4,1,0,0,3,1,3,0,0,0,4,1,2,1,0,0,0,0,1,0,0,1,0,1,0,0,0,0
article385.txt,3,2,0,3,0,4,2,0,4,0,0,1,1,0,0,1,0,0,1,0,0,0,1,1,0,0,0,0,2,0,0,0,2,0,0,0,0,0,0,0,0,0,0,2,0,1,0,0,0,0
article386.txt,11,3,6,10,4,8,9,1,2,0,11,1,3,0,3,8,1,1,3,0,0,3,9,1,0,0,2,0,6,0,0,0,0,2,1,0,1,1,2,0,1,1,2,4,0,2,0,0,1,0
article387.txt,10,8,3,5,5,3,5,0,6,1,0,0,0,0,2,0,0,1,0,0,0,2,0,1,0,0,2,1,1,1,0,2,3,0,2,0,0,0,0,1,0,2,1,1,0,0,0,0,0,0
article388.txt,0,0,0,0,0,0,0,0,0,0,0,0,0,0,0,0,0,0,0,0,0,0,0,0,0,0,0,0,0,0,0,0,0,0,0,0,0,0,0,0,0,0,0,0,0,0,0,0,0,0
article389.txt,4,0,0,2,1,1,1,0,1,0,0,0,1,0,1,2,1,0,1,0,0,0,0,2,0,0,0,2,0,1,0,0,0,0,0,0,0,0,0,1,0,0,0,3,0,0,0,0,0,0
article390.txt,0,0,0,2,0,0,0,0,0,0,0,2,0,0,0,0,0,0,0,0,0,0,0,0,0,0,0,2,0,0,0,0,0,0,0,0,0,0,0,0,0,0,0,2,0,0,0,0,0,0
article391.txt,0,0,0,2,0,0,0,0,0,0,0,0,0,0,0,0,0,0,0,0,0,0,0,0,0,0,0,2,0,0,0,0,0,0,0,0,0,0,0,0,0,0,0,2,0,0,0,0,0,0
article392.txt,9,4,4,2,5,1,3,3,2,0,0,2,0,0,2,2,0,3,0,0,1,1,0,0,0,0,0,0,0,0,0,0,0,0,0,0,0,0,0,0,0,1,0,0,1,0,0,0,0,0
article393.txt,4,1,0,1,2,1,2,0,3,0,0,1,1,0,2,2,1,0,1,0,0,0,0,2,0,0,0,1,0,0,0,0,0,0,0,0,0,0,0,1,0,0,0,3,0,0,0,0,0,0
article394.txt,4,0,0,1,0,1,1,0,1,0,0,0,1,0,1,2,1,0,1,0,0,0,0,2,0,0,0,1,0,0,0,0,0,0,0,0,0,0,0,1,0,0,0,2,0,0,0,0,0,0
article395.txt,4,2,2,7,2,1,2,5,4,0,0,2,0,4,1,0,0,0,0,0,1,0,1,0,0,0,1,0,0,1,0,1,0,0,3,0,0,0,0,1,1,1,0,0,0,1,0,0,0,0
article396.txt,0,0,0,0,0,0,0,0,0,0,0,0,0,0,0,0,0,0,0,0,0,0,2,0,0,0,0,1,0,0,0,0,0,0,0,2,0,0,0,0,0,0,0,2,0,0,0,0,0,0
article397.txt,2,7,2,0,4,5,0,1,3,8,1,0,0,0,0,1,0,3,1,0,0,1,1,1,0,0,0,4,0,0,0,0,2,1,0,1,1,0,0,0,1,1,0,0,2,0,0,0,0,0
article398.txt,6,2,4,6,2,3,8,0,3,0,0,0,1,0,4,4,1,0,3,0,1,2,0,5,0,0,0,5,0,1,0,0,2,0,0,3,0,0,0,1,0,0,0,5,0,0,0,0,2,0
article399.txt,0,0,0,2,0,0,0,0,0,0,0,0,0,0,0,0,0,0,0,0,0,0,0,0,0,0,0,2,0,0,0,0,0,0,0,0,0,0,0,0,0,0,0,2,0,0,0,0,0,0
article400.txt,4,0,0,3,2,1,4,0,1,0,0,0,1,0,3,2,1,0,1,0,0,0,0,2,0,0,0,3,0,2,0,0,0,0,0,0,0,0,0,1,0,0,0,2,0,0,0,0,0,0
article401.txt,0,0,0,2,0,0,0,0,2,0,0,2,0,0,0,0,0,0,0,0,0,0,0,0,0,2,0,2,0,0,0,0,0,0,0,2,0,0,0,0,0,0,0,2,0,0,0,0,0,0
article402.txt,4,6,2,1,2,4,0,1,2,2,0,0,0,2,0,0,0,0,0,0,0,1,3,3,0,3,0,2,2,1,0,0,1,1,0,1,1,0,1,0,0,2,0,0,0,1,0,0,0,0
article403.txt,16,7,2,6,4,6,5,0,9,2,3,3,4,0,5,2,0,6,1,2,0,1,0,1,0,0,2,0,3,0,0,2,5,0,0,1,2,1,2,1,0,1,2,1,0,1,0,0,1,0
article404.txt,8,3,2,3,3,3,1,0,4,2,1,1,2,1,1,1,1,0,1,0,0,1,0,1,0,0,2,0,0,0,0,0,0,0,0,0,0,1,0,0,0,0,0,0,0,0,0,2,0,0
article405.txt,8,3,2,3,3,3,1,0,4,2,1,1,2,1,1,1,1,0,1,0,0,1,0,1,0,0,2,0,0,0,0,0,0,0,0,0,0,0,0,0,0,0,0,0,0,0,0,2,0,0
article406.txt,10,11,2,11,1,6,4,0,6,1,2,3,6,0,3,1,0,0,3,1,0,1,1,2,0,1,1,0,6,2,0,2,1,0,1,0,0,1,1,1,4,0,0,4,0,0,0,1,1,0
article407.txt,0,0,0,2,0,0,0,0,0,2,0,0,0,0,0,0,0,0,0,0,0,0,0,0,0,0,0,0,0,0,0,0,0,0,0,0,0,0,0,0,0,0,0,0,0,0,0,0,0,0
article408.txt,9,3,4,1,1,3,4,0,3,0,2,0,5,1,0,1,0,0,0,0,0,2,2,1,0,0,0,3,0,0,0,5,1,1,0,2,0,0,0,0,0,0,1,0,0,0,0,0,0,0
article409.txt,7,3,3,3,0,3,3,0,0,2,3,0,1,0,0,1,0,0,3,1,0,1,3,0,0,0,1,2,0,0,0,6,0,0,2,1,0,0,1,0,2,0,0,0,0,1,0,3,0,0
article410.txt,21,10,1,10,5,5,3,0,5,2,2,0,2,0,4,0,1,8,1,1,0,3,0,0,0,0,1,0,4,0,0,3,3,0,3,0,2,1,1,1,0,1,0,1,0,0,0,0,1,0
article411.txt,9,3,4,1,1,3,4,0,3,0,2,0,5,1,0,1,0,0,0,0,0,2,2,1,0,0,0,3,0,0,0,5,1,1,0,2,0,0,0,0,0,0,1,0,0,0,0,0,0,0
article412.txt,7,3,3,3,0,3,3,0,0,2,3,0,1,0,0,1,0,0,3,1,0,1,3,0,0,0,1,2,0,0,0,6,0,0,2,1,0,0,1,0,2,0,0,0,0,1,0,3,0,0
article413.txt,2,3,1,0,3,2,1,0,2,0,0,0,0,0,1,0,0,0,0,0,0,0,2,0,0,0,0,0,0,0,0,0,0,0,0,0,0,0,0,0,0,1,0,0,0,0,0,0,0,0
article414.txt,0,0,0,0,0,0,0,0,0,0,0,2,0,0,0,0,0,0,0,0,0,0,2,0,0,0,0,0,0,0,0,0,0,0,0,2,0,0,0,0,0,0,0,2,0,0,0,0,0,0
article415.txt,4,2,3,3,2,2,2,0,2,1,1,1,1,0,0,2,1,0,0,0,0,0,0,0,0,0,0,1,0,0,0,0,0,0,0,0,0,1,0,0,0,0,0,0,0,0,0,1,0,0
article416.txt,23,8,3,4,2,8,6,0,4,0,0,1,0,0,4,3,1,0,2,0,0,0,1,0,0,0,0,0,0,5,0,1,1,1,0,0,0,1,1,0,0,1,1,0,0,0,0,0,0,0
article417.txt,8,3,0,7,5,2,4,1,5,3,1,0,0,0,3,4,1,2,2,1,3,1,2,2,0,0,0,1,0,0,0,0,2,2,2,2,0,0,0,0,0,0,0,0,0,0,0,0,0,0
article418.txt,21,5,12,8,13,7,4,1,2,1,1,1,6,2,9,1,1,3,5,0,2,6,0,2,0,1,3,5,0,0,0,0,1,2,1,0,0,3,0,0,4,1,0,0,3,0,0,2,1,0
article419.txt,28,14,15,8,7,5,14,1,5,0,2,3,0,0,6,1,5,2,2,1,0,3,2,2,0,0,1,1,2,3,0,0,3,4,2,0,0,1,0,1,1,4,0,0,0,1,0,0,1,0
article420.txt,8,7,11,5,3,2,2,3,2,8,0,1,0,7,4,0,1,6,1,2,1,4,2,0,1,1,0,0,0,0,0,0,1,0,0,0,1,0,0,1,0,2,0,2,5,0,0,2,0,0
article421.txt,18,7,2,21,1,7,2,0,3,2,2,3,2,0,3,3,3,2,1,2,0,1,1,4,0,0,2,2,5,1,0,0,0,0,3,0,0,1,0,0,0,0,0,4,0,0,0,1,0,0
article422.txt,13,4,0,10,6,2,4,1,6,3,1,0,0,0,4,5,1,2,2,2,4,1,2,2,0,0,0,1,0,0,0,0,2,2,2,2,0,0,1,0,0,1,1,0,0,0,0,0,0,0
article423.txt,7,1,9,0,1,3,5,12,2,0,0,2,0,1,2,1,0,1,0,0,2,0,0,0,0,1,0,0,0,0,0,0,0,0,0,6,1,0,0,1,0,1,0,1,0,0,0,0,0,0
article424.txt,16,3,15,0,8,7,14,33,3,0,0,2,0,4,1,2,0,4,0,0,1,0,4,0,0,5,0,0,0,0,0,0,0,1,0,12,4,1,0,5,0,11,0,3,1,0,0,0,0,0
article425.txt,0,0,0,0,0,0,0,0,0,0,0,2,0,0,0,0,0,0,0,0,0,0,0,0,0,2,0,2,0,0,0,0,0,0,0,2,0,0,0,0,0,0,0,2,0,0,0,0,0,0
article426.txt,16,8,5,9,9,4,9,0,3,3,1,2,7,0,6,2,1,2,0,1,1,0,0,1,0,0,4,2,5,0,0,0,2,1,1,0,0,0,0,0,0,0,0,2,0,0,0,0,1,0
article427.txt,8,8,3,11,3,4,3,0,4,4,2,1,2,0,0,2,0,0,6,2,0,2,0,2,0,0,0,0,3,4,0,1,2,0,4,0,0,0,0,1,1,0,0,6,0,1,0,0,0,0
article428.txt,12,3,5,7,7,4,9,0,2,3,0,2,5,0,5,1,1,2,0,1,1,0,0,1,0,0,3,2,2,0,0,0,2,0,1,0,0,0,0,0,0,0,0,1,0,0,0,0,1,0
article429.txt,12,4,2,3,0,4,3,0,5,2,1,2,2,0,0,2,1,3,1,0,0,3,0,1,0,0,1,0,1,0,0,0,2,1,2,0,2,1,1,0,0,0,0,1,0,0,0,0,0,0
article430.txt,10,3,2,5,1,2,4,0,5,2,0,2,2,0,1,0,2,3,0,0,0,0,0,2,0,0,1,0,1,0,0,0,0,1,1,0,2,1,0,0,0,0,0,1,0,0,0,0,0,0
article431.txt,15,8,12,7,11,6,5,1,8,4,1,0,3,4,7,4,1,2,1,1,1,0,1,2,2,0,1,3,3,0,0,0,5,0,2,0,1,5,0,2,1,0,0,0,0,0,0,2,0,0
article432.txt,15,7,3,6,3,2,6,4,2,0,1,7,0,1,1,3,3,1,1,1,0,0,2,1,0,0,0,0,4,0,0,0,0,4,1,1,0,1,0,1,3,3,1,0,0,0,0,0,2,0
article433.txt,0,0,0,0,0,0,0,0,2,0,0,0,0,0,0,2,0,0,0,0,0,0,0,0,0,0,0,0,0,0,0,0,0,0,0,0,0,0,0,0,0,0,0,0,0,0,0,0,0,0
article434.txt,24,11,12,25,13,18,6,1,10,8,3,8,4,3,3,4,3,5,6,2,0,2,2,3,0,1,1,5,0,6,0,7,7,11,2,5,0,0,6,2,2,4,5,1,0,0,0,6,2,0
article435.txt,38,19,12,20,15,4,15,2,7,0,6,6,2,3,7,3,5,2,2,0,2,3,3,2,0,1,4,1,0,2,0,0,5,3,0,5,0,5,2,3,2,0,2,1,1,3,0,0,7,0
article436.txt,12,13,8,7,9,8,5,0,5,7,1,0,0,0,1,4,3,1,5,1,0,5,4,3,0,2,0,0,9,5,0,0,3,0,0,4,2,1,2,0,0,1,1,5,0,4,0,2,1,0
article437.txt,9,5,1,13,8,7,11,3,3,0,1,3,1,0,1,4,4,0,4,2,0,3,3,4,0,0,8,5,0,2,0,2,0,4,10,1,0,1,0,1,0,0,1,1,0,0,0,0,2,0
article438.txt,19,16,5,8,5,3,10,1,5,3,3,2,2,1,8,7,2,2,1,0,0,4,2,2,0,0,2,3,0,3,0,0,0,1,3,0,0,0,1,2,0,1,1,0,0,0,0,0,0,0
article439.txt,24,11,12,25,13,18,6,1,10,8,3,8,4,3,3,4,3,5,6,2,0,2,2,3,0,1,1,5,0,6,0,7,7,11,2,5,0,0,6,2,2,4,5,1,0,0,0,6,2,0
article440.txt,11,5,2,3,0,4,4,0,5,2,0,2,2,0,0,2,1,3,1,0,0,3,0,1,0,0,1,0,1,1,0,0,2,1,2,0,2,1,1,0,0,0,0,1,0,0,0,0,0,0
article441.txt,5,2,2,3,0,4,2,0,4,0,0,0,0,0,4,3,0,0,2,0,2,0,0,1,0,3,0,5,0,1,0,0,0,0,0,3,0,0,0,0,0,1,0,3,0,0,0,0,0,0
article442.txt,25,6,6,12,5,8,5,3,4,2,4,6,3,1,5,6,5,3,3,6,0,1,3,5,0,0,2,0,1,0,0,1,5,2,1,0,1,4,2,2,1,0,4,2,1,4,0,0,1,0
article443.txt,0,1,2,3,1,1,2,0,1,0,0,1,0,0,0,0,0,0,0,1,0,0,0,1,0,0,1,0,0,0,0,0,0,0,0,0,0,0,0,0,0,0,0,1,0,0,0,0,0,0
article444.txt,8,5,2,3,3,5,2,0,1,2,1,0,2,0,2,1,0,1,2,0,1,0,2,1,0,0,0,1,1,0,0,1,0,0,0,0,0,1,0,0,0,0,0,1,0,0,0,0,0,0
article445.txt,14,3,5,6,6,1,11,2,2,0,0,0,2,1,0,2,4,0,2,0,0,1,3,0,0,0,2,3,0,0,0,2,3,0,4,0,0,1,0,0,1,0,0,0,0,1,0,0,1,0
article446.txt,31,7,5,9,6,7,5,5,11,2,1,4,2,1,5,4,5,3,4,0,5,3,0,3,0,0,5,0,2,0,0,0,0,2,1,0,0,2,0,0,0,0,0,0,0,0,0,2,0,0
article447.txt,11,2,2,7,1,4,2,3,4,2,1,0,1,1,3,4,2,2,1,1,0,0,1,0,0,0,1,0,0,0,0,0,2,1,0,0,0,2,0,1,1,0,2,2,1,1,0,0,0,0
article448.txt,5,0,1,1,2,3,2,0,1,0,0,1,0,0,1,0,0,1,0,1,0,0,1,1,0,0,0,0,0,3,0,0,1,0,0,0,0,0,0,0,0,1,1,1,0,0,0,0,0,0
article449.txt,8,5,6,8,3,6,4,0,10,0,7,0,2,1,1,0,1,0,2,0,1,5,0,2,0,6,0,0,0,0,0,7,0,0,0,3,1,1,0,0,0,0,1,0,0,0,0,1,0,0
article450.txt,16,14,14,4,9,9,6,0,5,0,1,0,0,1,4,1,2,3,4,2,0,9,1,1,0,0,1,0,1,2,0,1,5,3,0,0,0,1,0,1,0,2,1,0,1,2,0,0,1,0
article451.txt,37,17,17,15,12,10,5,3,9,1,2,1,4,3,0,9,10,1,2,1,4,5,2,4,0,0,7,0,0,2,0,5,3,2,6,0,0,1,5,1,4,2,1,0,0,3,0,0,3,0
article452.txt,4,2,1,4,3,2,1,2,3,5,0,1,1,2,1,0,0,2,2,0,0,1,0,1,0,0,0,0,0,0,0,0,1,1,0,0,1,0,1,0,0,0,0,0,0,0,0,0,0,0
article453.txt,16,4,3,9,8,4,6,2,12,0,1,2,0,2,7,3,6,0,0,1,5,4,0,1,0,0,0,0,0,0,0,0,0,3,2,2,0,0,0,3,1,1,2,0,0,1,0,0,3,0
article454.txt,12,8,7,11,7,6,9,2,5,0,0,0,2,0,7,0,1,0,0,5,2,0,2,1,0,0,2,0,1,2,0,3,5,3,4,0,0,2,2,0,2,0,1,3,0,2,0,0,0,0
article455.txt,0,0,0,0,0,0,0,0,2,0,0,0,0,0,2,2,0,0,0,0,2,0,0,0,0,0,0,0,0,0,0,2,0,0,0,0,0,0,0,0,0,0,0,0,0,0,0,0,0,0
article456.txt,19,5,2,8,6,6,5,1,11,1,2,2,0,0,5,7,4,1,2,0,3,5,1,1,0,0,3,0,2,0,0,12,2,0,3,0,0,0,1,0,0,0,2,0,0,0,0,2,1,0
article457.txt,4,3,2,0,2,3,3,1,2,1,2,0,0,0,0,0,1,1,1,0,0,0,1,4,0,2,0,0,0,0,0,0,0,0,0,0,0,2,0,0,0,0,1,0,0,1,0,0,0,0
article458.txt,17,4,4,9,8,4,7,2,12,0,1,2,0,2,7,3,6,0,0,1,5,4,0,1,0,0,0,0,0,1,0,0,0,3,2,2,0,0,0,3,1,1,2,0,0,1,0,0,3,0
article459.txt,11,8,10,10,6,9,13,0,7,0,1,3,0,0,2,7,1,0,1,1,0,5,1,1,0,0,5,3,0,5,0,9,1,3,2,1,0,0,3,0,1,2,2,0,1,0,0,2,2,0
article460.txt,8,4,0,9,2,5,4,0,10,0,1,2,3,0,4,1,4,0,4,1,0,2,1,0,0,0,4,0,2,2,0,4,2,1,2,0,0,1,1,1,0,0,1,1,0,1,0,1,1,0
article461.txt,27,9,21,14,10,3,10,0,10,7,7,2,4,10,3,4,2,4,2,1,2,2,0,1,1,3,1,1,0,0,0,0,2,1,1,1,3,0,0,0,3,2,0,0,5,1,0,2,0,0
article462.txt,4,4,4,2,1,4,8,0,2,0,0,0,0,0,1,1,0,0,0,0,0,2,0,0,0,0,3,2,0,2,0,1,0,0,0,1,0,0,0,0,1,0,0,0,0,0,0,0,0,0
article463.txt,7,2,3,2,2,4,4,0,4,0,0,0,1,0,1,1,1,0,1,2,0,1,0,0,0,0,0,0,0,1,0,1,0,1,2,1,0,0,1,1,0,0,0,0,0,0,0,1,0,0
article464.txt,0,0,0,0,0,0,0,0,0,5,0,0,0,0,0,0,0,0,0,0,0,0,0,0,0,0,0,0,0,0,0,0,0,0,0,0,2,0,0,0,0,0,0,2,0,0,0,0,0,0
article465.txt,6,1,6,6,2,4,6,2,3,15,0,1,0,0,0,0,0,7,1,0,0,0,0,1,0,0,0,0,1,1,0,0,0,0,0,0,2,0,0,0,0,0,0,2,0,0,0,0,0,0
article466.txt,6,3,3,5,1,2,2,1,6,1,0,3,0,2,1,1,0,1,4,1,0,2,1,3,0,1,1,1,0,3,0,0,0,0,0,2,0,1,0,1,3,0,2,0,0,2,0,2,0,0
article467.txt,13,4,3,2,3,2,3,0,1,0,0,1,0,2,1,1,4,1,2,2,0,0,0,1,0,1,0,0,0,5,0,0,1,0,0,0,1,0,0,2,1,1,0,0,0,0,0,0,0,0
article468.txt,3,4,2,6,4,4,3,0,4,0,0,0,2,0,1,2,0,1,1,1,1,0,1,3,0,0,0,0,0,0,0,1,0,2,2,1,0,0,0,0,1,0,1,3,0,0,0,2,0,0
article469.txt,10,5,5,13,2,9,1,3,4,0,2,4,2,1,5,1,0,2,3,1,0,2,1,0,0,1,0,3,4,1,0,0,0,1,3,4,0,1,0,1,2,0,1,4,1,0,0,4,1,0
article470.txt,8,6,1,3,0,3,2,0,2,0,2,0,2,1,1,0,1,1,1,0,1,1,1,0,0,0,0,0,3,0,0,1,0,1,0,0,0,1,0,0,1,0,0,0,0,0,0,0,0,0
article471.txt,8,1,2,5,1,3,6,0,4,0,0,4,1,0,5,2,1,0,1,0,2,3,1,1,0,0,3,0,0,1,0,1,1,0,2,0,0,0,1,0,0,0,1,0,0,0,0,0,2,0
article472.txt,23,4,5,13,9,7,5,1,8,1,3,4,1,2,2,3,4,0,0,4,1,1,3,2,0,0,4,0,0,2,0,6,2,0,6,1,0,1,2,1,1,2,0,0,0,0,0,4,1,0
article473.txt,10,2,3,2,3,1,3,0,1,0,0,1,0,0,1,0,2,1,1,1,0,0,3,2,0,0,0,0,0,4,0,0,0,0,0,0,0,0,0,2,0,0,0,0,0,0,0,0,0,0
article474.txt,43,29,24,24,13,10,17,1,9,2,8,2,10,8,18,11,3,3,0,3,10,12,1,1,0,2,5,6,3,0,0,6,3,2,1,5,3,1,6,4,2,1,2,0,2,4,0,1,3,0
article475.txt,41,22,18,16,15,9,17,4,14,2,7,7,1,2,14,7,4,3,1,3,6,12,5,3,0,0,1,4,3,6,0,6,4,7,2,5,2,0,1,1,1,4,0,0,4,3,0,8,3,0
article476.txt,22,9,14,17,8,12,2,6,1,12,5,0,2,9,0,3,3,3,7,1,0,4,2,4,0,0,1,11,0,2,0,4,1,3,0,1,1,2,2,0,9,0,3,0,2,2,0,0,0,0
article477.txt,8,1,0,6,4,3,4,1,5,1,2,2,1,0,0,3,3,0,0,1,0,0,1,1,0,0,0,0,0,1,0,2,1,0,1,0,0,0,0,0,0,1,0,0,0,0,0,3,0,0
article478.txt,5,4,12,3,4,2,1,2,3,3,0,0,0,2,1,1,1,4,1,0,0,0,2,1,0,2,0,2,1,4,0,0,0,0,0,1,1,1,1,0,0,4,1,2,4,0,0,2,0,0
article479.txt,8,7,1,7,5,5,8,0,0,2,3,0,0,1,2,0,2,1,3,2,0,3,0,3,1,0,1,0,0,3,0,1,0,1,1,0,0,1,0,1,0,0,0,0,0,0,0,2,0,0
article480.txt,0,0,0,0,0,0,0,0,0,5,0,0,0,0,0,0,0,0,0,0,0,0,0,0,0,0,0,0,0,0,0,0,0,0,0,0,0,0,0,0,0,0,0,2,0,0,0,0,0,0
article481.txt,42,19,13,17,12,17,17,8,22,2,5,3,5,3,14,13,4,2,0,3,13,12,2,0,0,1,8,3,0,2,0,3,2,2,6,5,0,0,4,2,0,0,7,1,1,5,0,5,1,0
article482.txt,10,0,5,3,1,6,4,8,3,14,0,1,1,7,3,2,0,8,1,0,2,0,1,1,0,4,0,0,0,3,0,0,0,1,0,0,4,0,1,1,0,1,0,3,0,0,0,1,0,0
article483.txt,3,3,3,2,3,0,1,1,4,6,0,0,0,0,4,0,1,2,0,0,0,0,0,0,0,4,0,0,0,0,0,0,0,0,0,0,2,0,0,1,0,0,1,0,0,0,0,5,0,0
article484.txt,2,3,3,2,3,2,2,4,0,0,0,0,4,0,0,0,1,0,0,1,0,0,0,2,0,0,1,0,0,0,0,0,0,0,0,0,0,4,0,0,0,0,0,0,0,0,0,0,0,0
article485.txt,49,20,11,23,19,7,14,4,10,2,10,4,4,4,11,4,5,3,3,0,0,1,4,5,0,0,5,4,0,0,0,1,1,2,1,5,0,5,2,3,4,1,7,0,0,0,0,1,3,0
article486.txt,21,5,8,10,5,4,8,0,3,0,2,1,7,0,1,4,2,0,1,3,1,3,2,0,0,0,2,0,0,0,0,0,1,0,0,3,0,2,2,0,2,0,0,0,0,0,0,0,0,0
article487.txt,7,5,4,1,4,3,9,5,4,0,2,0,0,1,0,0,1,2,0,0,0,0,1,1,0,2,0,0,1,0,0,0,0,1,0,0,0,2,0,0,0,0,0,0,0,0,0,0,0,0
article488.txt,0,0,4,1,0,1,0,2,2,2,0,0,0,0,0,0,0,1,0,0,0,0,0,0,0,2,0,0,0,1,0,0,0,0,0,0,0,0,0,0,0,0,0,1,2,0,0,2,0,0
article489.txt,14,3,3,7,3,3,4,1,7,1,1,0,0,1,2,0,3,0,0,1,2,3,1,2,0,0,0,1,0,3,0,1,0,1,2,0,0,1,0,0,0,0,0,0,0,0,0,2,0,0
article490.txt,15,5,2,9,4,6,7,1,4,1,0,1,0,2,2,0,4,0,0,2,2,1,2,2,0,0,2,2,1,2,0,7,0,1,9,1,0,1,1,1,1,1,2,0,0,0,0,4,2,0
article491.txt,0,0,0,2,0,0,0,0,2,0,0,0,0,0,2,0,0,0,0,0,1,0,0,0,0,0,0,0,0,0,0,0,0,2,0,0,0,0,0,0,0,0,0,0,0,0,0,0,0,0
article492.txt,21,9,10,11,2,2,10,0,4,12,0,1,0,2,5,5,1,7,1,1,4,4,2,0,0,0,2,2,0,3,0,2,1,0,5,2,0,0,0,1,2,3,1,0,6,0,0,0,0,0
article493.txt,9,3,12,5,2,5,7,7,5,4,0,1,0,7,6,2,1,7,1,0,4,2,0,1,0,1,0,0,0,3,0,0,1,1,0,0,1,1,0,3,1,1,0,5,3,0,0,5,0,0
article494.txt,23,13,10,11,2,5,10,5,2,0,4,3,8,0,1,3,9,1,1,1,2,4,2,2,0,0,7,0,0,0,0,0,0,2,2,0,0,0,2,0,2,0,1,0,0,1,0,0,3,0
article495.txt,16,15,9,5,3,8,3,0,4,4,0,1,1,4,3,3,2,3,2,2,1,0,2,4,0,2,1,3,0,0,0,0,1,3,0,3,3,1,0,3,1,2,1,1,3,1,0,1,0,0
article496.txt,16,5,2,11,2,1,2,0,3,1,2,3,0,0,1,2,0,0,0,2,0,0,0,2,0,0,2,1,3,1,0,0,0,3,0,0,0,3,0,0,1,0,2,0,0,1,0,2,0,0
article497.txt,0,0,0,2,0,0,0,0,1,0,0,0,0,0,2,0,2,0,0,0,2,0,0,0,0,0,0,0,0,0,0,0,0,0,0,0,0,0,0,0,0,0,0,0,0,0,0,0,0,0
article498.txt,7,2,0,5,1,5,4,0,5,0,4,0,0,0,3,1,4,0,1,0,3,4,1,1,0,0,0,0,0,0,0,2,0,0,0,0,0,1,1,0,3,0,2,1,0,0,0,2,2,0
article499.txt,7,2,0,5,1,5,4,0,5,0,4,0,0,0,3,1,4,0,1,0,3,4,1,1,0,0,0,0,0,0,0,2,0,0,0,0,0,1,1,0,3,0,2,1,0,0,0,2,2,0
article500.txt,4,2,1,1,1,2,2,0,1,1,1,0,1,0,0,3,0,0,0,0,0,0,0,1,0,0,0,0,0,0,0,0,0,0,0,0,0,1,0,0,0,0,0,1,0,0,0,1,0,0
article501.txt,4,2,1,4,1,1,2,1,1,2,0,3,3,1,0,1,0,0,0,1,0,0,3,1,0,0,3,3,0,0,0,0,0,0,0,0,0,0,1,0,0,0,0,0,0,0,0,0,0,0
article502.txt,12,6,1,3,2,4,4,0,0,0,1,0,0,1,1,1,1,2,1,0,0,1,1,2,0,0,0,0,1,2,0,0,1,0,0,0,0,0,1,1,0,0,0,0,0,0,0,0,0,0
article503.txt,25,17,16,21,13,12,14,2,7,7,5,4,0,1,14,2,0,4,5,3,0,1,3,7,0,4,2,9,0,4,0,2,3,4,1,1,0,1,4,1,2,5,4,0,1,3,0,0,3,0
article504.txt,5,5,0,1,3,2,2,0,1,0,1,0,0,0,0,1,0,2,1,0,0,2,1,2,0,0,0,0,0,0,0,0,0,1,2,1,0,1,0,0,0,0,1,0,0,1,0,0,0,0
article505.txt,7,0,4,5,2,2,3,0,1,0,0,0,2,0,1,2,1,0,1,1,1,2,0,1,0,0,1,0,0,0,0,0,0,0,0,0,0,0,1,0,0,0,0,0,0,1,0,0,0,0
article506.txt,12,5,1,3,9,2,0,0,9,0,0,0,0,0,3,2,0,2,0,0,1,0,24,1,0,2,0,24,15,0,0,0,0,3,0,0,9,1,0,0,0,0,0,4,0,1,0,0,0,0
article507.txt,21,11,14,19,5,7,7,0,5,2,0,0,3,4,3,2,0,1,0,4,2,5,4,2,0,0,7,4,1,1,0,1,4,1,5,7,3,1,1,3,1,1,1,1,2,0,0,1,0,0
article508.txt,29,15,13,23,12,8,6,1,8,3,6,5,4,2,12,3,5,3,8,1,1,5,1,5,0,2,1,4,0,3,0,5,4,0,3,3,1,7,2,5,2,0,4,0,1,0,0,0,0,0
article509.txt,6,2,2,2,2,2,4,0,2,0,1,1,0,0,0,0,1,0,0,1,0,1,4,0,0,0,1,0,0,1,0,0,0,0,0,0,0,0,0,0,0,1,0,0,0,0,0,0,0,0
article510.txt,22,11,11,3,19,6,5,9,10,2,0,2,1,0,4,2,0,1,2,0,1,0,1,6,0,1,0,2,0,0,0,0,2,1,1,0,0,4,1,0,0,0,0,0,0,0,0,2,0,0
article511.txt,16,7,8,13,6,12,5,1,9,1,6,3,0,0,7,1,6,8,1,0,0,0,2,0,0,0,1,1,8,0,0,9,1,2,1,2,1,2,0,0,1,0,0,3,0,2,0,0,0,0
article512.txt,17,13,6,9,6,9,4,1,6,0,1,0,2,2,1,6,1,0,0,1,0,3,1,3,0,0,0,0,1,1,0,7,2,2,0,0,0,1,1,1,1,0,0,0,0,1,0,0,1,0
article513.txt,14,4,5,7,5,6,5,6,7,0,3,0,0,1,2,2,3,2,0,2,0,1,4,0,0,0,1,4,2,1,0,4,1,0,4,1,1,0,1,0,0,0,0,2,0,2,0,1,0,0
article514.txt,25,8,9,5,5,7,9,0,1,0,2,1,4,0,0,1,2,2,1,2,0,1,6,2,0,0,4,0,3,8,0,4,0,3,0,0,0,2,2,0,3,1,4,0,0,0,0,0,0,0
article515.txt,5,2,1,3,0,4,2,0,4,0,0,1,0,0,5,0,3,0,1,0,0,0,2,0,0,0,0,0,0,0,0,2,0,0,0,0,0,0,0,0,0,2,0,0,0,0,0,0,0,0
article516.txt,26,7,15,15,6,10,6,0,1,0,1,4,0,0,12,1,0,2,2,0,10,5,1,2,0,0,1,0,0,4,0,2,0,2,3,0,0,1,2,0,0,3,1,0,0,2,0,0,1,0
article517.txt,10,3,7,1,4,4,2,7,5,0,0,3,0,2,1,0,0,0,0,0,0,2,0,2,0,0,0,0,0,1,0,0,1,0,0,1,1,0,0,1,0,2,1,0,1,0,0,0,0,0
article518.txt,44,22,10,15,19,16,9,1,11,0,7,1,6,2,11,3,5,1,1,4,4,8,4,3,0,0,5,0,1,1,0,6,1,6,4,1,0,1,4,0,1,3,3,2,0,1,0,4,2,0
article519.txt,5,3,3,3,2,1,2,0,0,4,1,0,1,0,1,2,0,0,0,1,0,0,1,1,0,1,0,5,1,0,0,0,1,2,0,0,1,2,1,0,0,0,0,0,0,0,0,0,0,0
article520.txt,18,2,3,10,2,6,3,0,2,0,1,1,0,0,1,1,2,0,1,0,0,2,0,5,0,0,0,0,0,2,0,1,0,1,0,0,0,3,1,1,0,0,0,0,0,0,0,0,0,0
article521.txt,0,0,0,0,0,0,0,0,2,0,0,0,0,0,0,0,0,0,0,0,0,0,0,0,0,0,0,0,0,0,0,0,0,0,0,0,0,0,0,0,0,0,0,0,0,0,0,0,0,0
article522.txt,14,8,2,1,6,3,4,0,5,0,2,2,0,0,1,1,0,0,0,0,0,0,0,1,0,0,0,0,0,3,0,0,0,2,0,0,0,1,0,0,0,0,0,0,0,0,0,0,0,0
article523.txt,47,14,21,18,11,11,4,0,6,0,1,4,0,0,11,1,4,2,2,1,7,7,0,3,0,0,4,0,0,5,0,3,2,2,4,0,0,4,1,0,1,2,3,0,0,2,0,0,3,0
article524.txt,19,8,7,4,8,8,6,0,7,0,0,1,0,1,6,0,6,1,1,2,0,0,5,4,0,0,0,0,0,3,0,0,1,1,0,0,0,1,2,2,0,2,2,0,0,0,0,0,1,0
article525.txt,12,7,2,3,4,3,5,1,10,0,2,0,0,0,3,3,6,0,0,3,3,0,3,0,0,0,2,1,0,0,0,1,1,0,1,1,0,0,0,0,0,1,1,1,0,0,0,1,0,0
article526.txt,8,3,9,2,0,0,3,0,5,0,0,0,0,0,0,1,0,0,0,0,0,0,0,1,0,0,1,0,0,2,0,0,0,1,0,0,0,1,0,1,0,0,0,0,0,0,0,0,0,0
article527.txt,13,7,6,2,4,5,4,0,4,0,0,1,0,1,5,0,6,1,1,1,0,0,3,2,0,0,0,0,0,3,0,0,0,1,0,0,0,1,1,2,0,1,2,0,0,0,0,0,0,0
article528.txt,6,4,4,3,5,2,2,0,0,0,0,3,0,3,2,0,1,0,0,0,2,0,0,1,0,1,0,0,0,2,0,0,2,0,0,0,0,0,0,2,1,2,0,0,0,0,0,0,0,0
article529.txt,15,14,7,17,5,6,11,3,7,0,4,0,0,0,5,3,6,1,1,1,0,2,0,1,0,0,1,0,0,3,0,3,0,2,1,1,0,3,3,1,0,1,0,2,0,1,0,0,1,0
article530.txt,11,5,10,12,15,8,7,2,5,10,2,0,0,2,0,1,2,5,3,3,0,0,0,2,0,1,2,5,0,0,0,4,0,2,3,0,2,1,0,0,0,0,1,0,3,0,0,1,0,0
article531.txt,17,8,9,15,8,5,3,1,5,1,1,3,0,2,5,0,2,2,4,0,0,0,0,1,0,0,0,1,0,2,0,4,2,0,0,4,0,3,0,3,0,0,1,1,0,2,0,0,0,0
article532.txt,1,1,1,2,2,2,2,0,3,4,0,0,1,0,0,1,0,0,5,0,0,1,1,0,0,0,0,0,0,3,0,0,0,3,1,1,2,0,0,0,1,1,0,0,0,0,0,0,0,0
article533.txt,25,9,5,16,2,7,5,0,3,0,1,3,1,0,5,3,2,0,3,0,0,2,1,4,0,0,0,0,0,3,0,1,2,3,0,1,0,1,1,0,0,0,1,0,0,0,0,0,0,0
article534.txt,11,7,7,11,12,9,8,3,10,8,2,2,0,6,4,6,2,3,4,2,2,2,5,8,0,3,0,5,0,1,0,0,5,0,0,2,0,0,1,0,1,5,3,1,2,1,0,2,0,0
article535.txt,1,1,1,2,2,2,2,0,3,4,0,0,1,0,0,1,0,0,5,0,0,1,1,0,0,0,0,0,0,3,0,0,0,3,1,1,2,0,0,0,1,1,0,0,0,0,0,0,0,0
article536.txt,28,9,12,10,6,7,4,0,2,0,0,3,0,1,9,1,2,0,0,1,7,4,0,1,0,1,1,0,0,3,0,0,2,1,2,0,1,3,2,1,0,0,1,0,0,0,0,0,1,0
article537.txt,13,4,7,6,6,5,1,0,2,2,0,1,2,0,3,2,0,0,2,1,1,4,0,1,0,0,2,1,0,4,0,10,1,0,3,2,0,0,1,0,1,1,2,0,0,0,0,1,2,0
article538.txt,21,6,7,6,4,2,2,0,0,0,1,1,1,0,6,5,1,0,3,2,6,3,2,2,0,0,1,0,0,1,0,2,3,1,0,0,0,1,3,0,0,1,0,0,0,0,0,0,2,0
article539.txt,14,2,2,5,4,3,6,3,3,1,1,1,1,0,8,2,4,1,0,1,0,0,0,2,0,0,0,0,0,0,0,0,2,3,0,0,0,2,1,0,0,0,0,0,0,1,0,1,1,0
article540.txt,13,5,1,7,4,7,6,1,9,0,2,2,0,0,7,4,3,2,0,2,5,4,1,1,0,0,1,1,0,3,0,3,0,4,1,0,0,0,2,1,0,1,1,0,0,0,0,0,0,0
article541.txt,0,0,0,0,2,0,0,0,2,0,0,0,0,0,2,0,0,0,0,0,1,0,0,0,0,0,0,0,0,0,0,0,0,0,0,0,0,0,0,0,0,0,0,0,0,0,0,0,0,0
article542.txt,30,9,6,7,12,4,3,0,8,5,0,3,0,0,2,4,3,2,0,5,1,7,1,0,0,0,1,4,0,4,0,1,1,0,4,0,2,0,1,0,0,2,1,0,0,0,0,0,1,0
article543.txt,39,21,22,28,10,13,12,4,10,15,3,4,5,8,4,4,9,10,0,1,6,2,2,2,1,1,4,1,2,6,0,9,2,3,3,5,2,0,0,6,1,2,3,3,5,1,0,4,1,0
article544.txt,2,3,2,2,3,4,7,4,3,0,1,2,0,1,4,2,2,0,0,2,2,0,0,0,0,0,0,1,0,1,0,2,0,2,1,0,0,0,0,1,0,0,0,0,0,0,0,0,1,0
article545.txt,24,6,7,5,5,4,1,0,1,0,0,0,1,0,1,0,0,0,3,0,1,0,0,2,0,0,1,0,0,0,0,0,2,1,1,0,0,1,3,0,0,0,1,0,0,0,0,0,0,0
article546.txt,19,4,6,11,5,8,3,0,3,10,2,3,1,1,4,9,1,0,0,0,3,1,1,1,0,0,7,0,1,0,0,0,0,7,2,2,1,0,0,2,1,2,1,7,0,8,0,0,0,0
article547.txt,6,4,2,5,1,2,2,0,2,1,0,0,2,0,0,0,2,2,1,0,0,0,0,1,0,1,1,0,3,0,0,0,0,1,0,0,0,1,0,0,1,0,0,0,0,0,0,0,0,0
article548.txt,7,3,3,4,3,3,4,0,1,1,2,0,1,1,2,1,1,1,1,0,0,1,1,1,0,0,0,1,0,0,0,1,0,0,0,3,0,0,1,0,0,0,0,2,0,0,0,2,0,0
article549.txt,16,12,9,7,6,6,8,4,7,6,0,3,0,4,9,2,2,9,1,1,0,1,3,2,0,5,0,4,6,4,0,0,1,1,0,0,2,0,1,3,0,2,1,2,7,1,0,1,0,0
article550.txt,18,2,13,13,12,9,2,2,6,9,4,3,3,1,5,3,6,3,2,0,0,2,0,4,0,1,2,12,0,0,0,1,0,3,0,3,1,1,0,0,0,0,2,1,6,2,1,0,0,0
article551.txt,3,2,1,6,4,5,5,0,4,0,2,1,2,0,0,1,0,0,2,0,0,0,0,3,0,1,0,5,0,0,0,0,0,0,0,2,0,0,0,0,1,0,0,0,0,1,0,0,0,0
article552.txt,0,0,0,0,0,0,0,0,0,5,0,0,0,0,0,0,0,0,0,0,0,0,0,0,0,0,0,0,0,0,0,0,0,0,0,0,2,0,0,0,0,0,0,2,0,0,0,0,0,0
article553.txt,15,7,2,5,4,5,4,0,1,0,1,0,4,0,2,3,0,1,0,0,0,1,1,1,0,0,2,0,2,0,0,0,1,2,1,0,0,1,0,1,0,0,0,0,0,1,0,1,0,0
article554.txt,14,9,2,4,4,4,5,0,5,0,0,0,0,1,1,4,1,0,2,1,1,1,1,2,0,0,0,0,0,1,0,0,4,0,2,0,0,2,0,0,1,0,1,0,0,1,0,1,1,0
article555.txt,18,14,4,2,3,3,2,0,5,3,1,0,3,0,1,4,4,1,2,2,0,2,5,0,0,0,0,1,0,0,0,2,1,0,0,0,0,0,0,0,0,1,0,2,0,0,0,0,1,0
article556.txt,22,7,6,4,7,8,5,1,2,1,1,1,1,0,1,2,1,0,3,2,0,2,2,1,0,1,2,0,2,5,0,0,0,1,1,0,0,2,1,2,1,1,3,0,1,1,0,2,1,0
article557.txt,20,11,11,5,2,6,2,0,6,1,2,2,0,0,1,1,2,0,0,1,0,0,4,0,0,0,2,0,4,1,0,3,2,1,1,1,0,0,0,0,0,0,2,2,0,2,0,2,1,0
article558.txt,26,4,9,6,15,3,13,0,4,0,1,1,5,0,24,1,5,1,0,0,1,0,0,0,0,1,1,0,0,2,0,0,5,1,0,0,0,3,2,1,2,5,0,0,0,1,0,0,0,0
article559.txt,10,4,9,9,3,4,4,0,7,0,0,2,0,0,1,2,2,0,0,2,0,1,0,0,0,0,1,1,0,4,0,0,1,2,0,3,0,0,2,0,1,1,0,0,0,1,0,3,0,0
article560.txt,2,2,5,5,4,2,0,0,3,1,1,0,1,0,1,0,0,1,0,1,1,1,0,3,0,0,0,1,0,0,0,1,0,1,0,0,0,0,0,0,0,0,1,1,1,0,0,0,0,0
article561.txt,33,10,3,20,14,13,15,4,14,3,2,7,2,2,9,9,4,3,1,4,4,3,5,8,0,0,1,9,8,1,0,13,1,2,16,3,0,2,3,1,1,1,5,0,0,0,0,11,2,0
article562.txt,18,5,3,13,10,6,8,1,7,3,5,1,7,3,4,3,1,2,0,2,0,3,2,1,0,1,0,3,1,0,0,4,0,0,1,1,0,0,1,0,1,0,0,0,1,0,0,0,0,0
article563.txt,1,2,6,5,4,2,0,0,4,1,1,0,1,0,1,0,0,1,0,1,1,1,0,3,0,0,0,1,0,0,0,1,0,1,0,0,0,0,0,0,0,0,1,1,1,0,0,0,0,0
article564.txt,13,4,7,6,6,5,1,0,2,2,0,1,2,0,3,2,0,0,2,1,1,4,0,1,0,0,2,1,0,4,0,10,1,0,3,2,0,0,1,0,1,1,2,0,0,0,0,1,2,0
article565.txt,4,2,0,1,1,1,4,0,1,0,2,1,0,0,0,5,0,0,0,0,0,0,0,2,0,0,0,0,2,1,0,1,2,0,1,0,0,1,0,0,0,0,0,2,0,0,0,0,1,0
article566.txt,26,16,13,10,6,6,5,1,4,4,0,4,1,4,9,1,2,7,4,0,1,0,4,2,0,3,0,2,3,2,0,0,2,3,0,1,3,1,0,2,1,0,0,2,3,0,0,4,0,0
article567.txt,0,0,0,0,0,0,0,0,0,5,0,0,0,0,0,0,0,0,0,0,0,0,0,0,0,0,0,0,0,0,0,0,0,0,0,0,6,0,0,0,0,0,0,2,0,0,0,0,0,0
article568.txt,14,1,9,7,2,9,5,15,3,28,0,1,0,12,2,2,0,15,1,1,2,0,2,3,0,15,0,0,0,5,0,0,0,1,0,0,3,0,0,1,1,2,0,5,2,0,0,1,0,0
article569.txt,14,7,22,10,8,12,4,4,9,8,0,2,2,0,7,8,0,3,6,1,2,1,2,2,0,3,0,12,0,2,0,0,0,1,1,3,2,0,1,0,1,2,0,6,10,0,0,4,0,0
article570.txt,21,10,17,20,4,11,8,3,2,9,0,3,0,8,6,5,1,11,7,2,2,1,0,6,0,2,2,8,0,1,0,0,0,0,0,0,3,1,1,5,1,0,1,2,2,0,0,5,0,0
article571.txt,9,5,4,7,7,4,5,0,6,0,0,0,4,0,3,7,6,1,1,2,1,0,0,1,0,0,2,0,0,1,0,0,1,1,1,0,0,1,0,0,0,0,1,0,0,1,0,0,1,0
article572.txt,10,5,1,5,1,1,2,0,1,0,1,0,0,0,3,0,1,0,0,0,1,2,2,0,0,0,0,0,0,1,0,1,0,0,0,0,0,1,1,0,0,2,1,0,0,0,0,0,0,0
article573.txt,10,5,1,5,1,1,2,0,1,0,1,0,0,0,3,0,1,0,0,0,1,2,2,0,0,0,0,0,0,1,0,1,0,0,0,0,0,1,1,0,0,2,1,0,0,0,0,0,0,0
article574.txt,7,3,1,5,1,3,3,0,4,0,1,0,1,1,3,0,0,2,1,0,1,2,1,0,0,1,0,0,0,1,0,0,2,1,1,0,0,0,0,0,1,0,0,1,0,0,0,0,0,0
article575.txt,3,2,4,3,3,3,6,0,4,5,0,1,2,1,0,1,3,2,2,0,2,0,0,0,0,1,1,0,0,1,0,2,1,0,0,0,1,0,0,0,0,1,0,0,1,0,0,0,0,0
article576.txt,7,4,2,1,3,3,1,1,5,0,3,0,0,0,6,1,1,0,1,0,5,5,0,2,0,0,0,0,0,0,0,0,0,0,0,0,0,0,1,0,2,0,0,0,0,0,0,0,0,0
article577.txt,15,7,5,14,4,5,2,1,9,0,5,0,1,0,8,2,1,0,3,3,5,7,0,2,0,6,1,1,0,1,0,1,1,0,0,0,3,0,1,0,4,0,1,0,0,0,0,0,0,0
